weapon,category,fire_mode,rate_rpm,cyclic_rpm,bolt_cycle_s,profile,profile_from_override,projectile,asset,envelope_m,power_1m,power_2m,power_3m,power_4m,ceiling,sway_add,rounds_to_cap_1m,per_second_1m,muzzle_ms,moa,mag,pen_mm,variants,icon_asset
FN FAL,Battle rifle,auto,600,600,,Projectile_Suppression_BattleRifle,yes,BP_Projectile_7_62mm,Rifles/BP_FNFAL,5.0,0.3,0.095,0.0633,0.0317,1.15,3.5,4.0,3.0,800,1.5,20,7,4,fnfal
G3A3,Battle rifle,auto,600,600,,Projectile_Suppression_BattleRifle,yes,BP_Projectile_7_62mm,Rifles/BP_G3A3,5.0,0.3,0.095,0.0633,0.0317,1.15,3.5,4.0,3.0,800,1.5,20,7,2,g3a3
G3A3 + Foregrip,Battle rifle,auto,600,600,,Projectile_Suppression_BattleRifle,yes,BP_Projectile_7_62mm,Rifles/BP_G3A3_Foregrip,5.0,0.3,0.095,0.0633,0.0317,1.15,3.5,4.0,3.0,800,1.5,20,7,1,g3a3_foregrip
G3A3 + Z-Point,Battle rifle,auto,600,600,,Projectile_Suppression_BattleRifle,yes,BP_Projectile_7_62mm,Rifles/BP_G3A3_ZPoint,5.0,0.3,0.095,0.0633,0.0317,1.15,3.5,4.0,3.0,800,1.5,20,7,1,g3a3_zpoint
G3A3 + Z-Point + Foregrip,Battle rifle,auto,600,600,,Projectile_Suppression_BattleRifle,yes,BP_Projectile_7_62mm,Rifles/BP_G3A3_ZPoint_Foregrip,5.0,0.3,0.095,0.0633,0.0317,1.15,3.5,4.0,3.0,800,1.5,20,7,1,g3a3_foregrip_zpoint
G3A3 + ZF1,Battle rifle,auto,600,600,,Projectile_Suppression_BattleRifle,yes,BP_Projectile_7_62mm,Rifles/BP_G3A3_Optic,5.0,0.3,0.095,0.0633,0.0317,1.15,3.5,4.0,3.0,800,1.5,20,7,2,g3a3_zf1
G3A3 HK79,Battle rifle,auto,600,600,,Projectile_Suppression_BattleRifle,yes,BP_Projectile_7_62mm,Rifles/BP_G3A3HK79_Rifle,5.0,0.3,0.095,0.0633,0.0317,1.15,3.5,4.0,3.0,800,1.5,20,7,1,g3a3hk79
G3A3 HK79 + ZF1,Battle rifle,auto,600,600,,Projectile_Suppression_BattleRifle,yes,BP_Projectile_7_62mm,Rifles/BP_G3A3HK79_Optic_Rifle,5.0,0.3,0.095,0.0633,0.0317,1.15,3.5,4.0,3.0,800,1.5,20,7,1,g3a3hk79_zf1
G3A4,Battle rifle,auto,600,600,,Projectile_Suppression_BattleRifle,yes,BP_Projectile_7_62mm,Rifles/BP_G3A4,5.0,0.3,0.095,0.0633,0.0317,1.15,3.5,4.0,3.0,800,1.5,20,7,1,g3a4
G3A4 + Drum Mag,Battle rifle,auto,600,600,,Projectile_Suppression_BattleRifle,yes,BP_Projectile_7_62mm,MachineGuns/BP_G3A3_Drum,5.0,0.3,0.095,0.0633,0.0317,1.15,3.5,4.0,3.0,800,1.5,50,7,1,g3a3_drum
G3A4 + Foregrip,Battle rifle,auto,600,600,,Projectile_Suppression_BattleRifle,yes,BP_Projectile_7_62mm,Rifles/BP_G3A4_Foregrip,5.0,0.3,0.095,0.0633,0.0317,1.15,3.5,4.0,3.0,800,1.5,20,7,1,g3a4_foregrip
G3A4 + Irons + Foregrip + Tracer,Battle rifle,auto,600,600,,Projectile_Suppression_BattleRifle,yes,BP_Projectile_7_62mm,Rifles/BP_G3A4_Foregrip_Tracer,5.0,0.3,0.095,0.0633,0.0317,1.15,3.5,4.0,3.0,800,1.5,20,7,1,g3a4_foregrip
G3A4 + Tracer,Battle rifle,auto,600,600,,Projectile_Suppression_BattleRifle,yes,BP_Projectile_7_62mm,Rifles/BP_G3A4_Tracer,5.0,0.3,0.095,0.0633,0.0317,1.15,3.5,4.0,3.0,800,1.5,20,7,1,g3a4
G3A4 + Z-Point,Battle rifle,auto,600,600,,Projectile_Suppression_BattleRifle,yes,BP_Projectile_7_62mm,Rifles/BP_G3A4_ZPoint,5.0,0.3,0.095,0.0633,0.0317,1.15,3.5,4.0,3.0,800,1.5,20,7,1,g3a4_zpoint
G3A4 + Z-Point + Foregrip,Battle rifle,auto,600,600,,Projectile_Suppression_BattleRifle,yes,BP_Projectile_7_62mm,Rifles/BP_G3A4_ZPoint_Foregrip,5.0,0.3,0.095,0.0633,0.0317,1.15,3.5,4.0,3.0,800,1.5,20,7,1,g3a4_foregrip_zpoint
G3A4 + Z-Point + Foregrip + Tracer,Battle rifle,auto,600,600,,Projectile_Suppression_BattleRifle,yes,BP_Projectile_7_62mm,Rifles/BP_G3A4_ZPoint_Foregrip_Tracer,5.0,0.3,0.095,0.0633,0.0317,1.15,3.5,4.0,3.0,800,1.5,20,7,1,g3a4_foregrip_zpoint
G3A4 + Z-Point + Tracer,Battle rifle,auto,600,600,,Projectile_Suppression_BattleRifle,yes,BP_Projectile_7_62mm,Rifles/BP_G3A4_ZPoint_Tracer,5.0,0.3,0.095,0.0633,0.0317,1.15,3.5,4.0,3.0,800,1.5,20,7,1,g3a4_zpoint
G3A4 + ZF1,Battle rifle,auto,600,600,,Projectile_Suppression_BattleRifle,yes,BP_Projectile_7_62mm,Rifles/BP_G3A4_Optic,5.0,0.3,0.095,0.0633,0.0317,1.15,3.5,4.0,3.0,800,1.5,20,7,1,g3a4_zf1
G3A4 + ZF1 + Drum Mag,Battle rifle,auto,600,600,,Projectile_Suppression_BattleRifle,yes,BP_Projectile_7_62mm,MachineGuns/BP_G3A3_Drum_Optic,5.0,0.3,0.095,0.0633,0.0317,1.15,3.5,4.0,3.0,800,1.5,50,7,1,g3a3_drum_zf1
G3A4 + ZF1 + Foregrip,Battle rifle,auto,600,600,,Projectile_Suppression_BattleRifle,yes,BP_Projectile_7_62mm,Rifles/BP_G3A4_Optic_Foregrip,5.0,0.3,0.095,0.0633,0.0317,1.15,3.5,4.0,3.0,800,1.5,20,7,1,g3a4_foregrip_zf1
G3A4 + ZF1 + Foregrip + Tracer,Battle rifle,auto,600,600,,Projectile_Suppression_BattleRifle,yes,BP_Projectile_7_62mm,Rifles/BP_G3A4_Optic_Foregrip_Tracer,5.0,0.3,0.095,0.0633,0.0317,1.15,3.5,4.0,3.0,800,1.5,20,7,1,g3a4_foregrip_zf1
G3A4 + ZF1 + Tracer,Battle rifle,auto,600,600,,Projectile_Suppression_BattleRifle,yes,BP_Projectile_7_62mm,Rifles/BP_G3A4_Optic_Tracer,5.0,0.3,0.095,0.0633,0.0317,1.15,3.5,4.0,3.0,800,1.5,20,7,1,g3a4_zf1
G3A7 + Foregrip,Battle rifle,auto,600,600,,Projectile_Suppression_BattleRifle,yes,BP_Projectile_7_62mm,Rifles/BP_G3A7_Foregrip,5.0,0.3,0.095,0.0633,0.0317,1.15,3.5,4.0,3.0,800,1.5,20,7,1,g3a4_foregrip
G3A7 + Z-Point + Foregrip,Battle rifle,auto,600,600,,Projectile_Suppression_BattleRifle,yes,BP_Projectile_7_62mm,Rifles/BP_G3A7_ZPoint_Foregrip,5.0,0.3,0.095,0.0633,0.0317,1.15,3.5,4.0,3.0,800,1.5,20,7,1,g3a4_foregrip_zpoint
G3KA4,Battle rifle,auto,600,600,,Projectile_Suppression_BattleRifle,yes,BP_Projectile_7_62mm,Rifles/BP_G3KA4,5.0,0.3,0.095,0.0633,0.0317,1.15,3.5,4.0,3.0,800,1.5,20,7,1,g3ka4
G3KA4 + Foregrip,Battle rifle,auto,600,600,,Projectile_Suppression_BattleRifle,yes,BP_Projectile_7_62mm,Rifles/BP_G3KA4_Foregrip,5.0,0.3,0.095,0.0633,0.0317,1.15,3.5,4.0,3.0,800,1.5,20,7,1,g3ka4_foregrip
G3KA4 + Z-Point,Battle rifle,auto,600,600,,Projectile_Suppression_BattleRifle,yes,BP_Projectile_7_62mm,Rifles/BP_G3KA4_ZPoint,5.0,0.3,0.095,0.0633,0.0317,1.15,3.5,4.0,3.0,800,1.5,20,7,1,g3ka4_zpoint
G3KA4 + Z-Point + Foregrip,Battle rifle,auto,600,600,,Projectile_Suppression_BattleRifle,yes,BP_Projectile_7_62mm,Rifles/BP_G3KA4_ZPoint_Foregrip,5.0,0.3,0.095,0.0633,0.0317,1.15,3.5,4.0,3.0,800,1.5,20,7,1,g3ka4_foregrip_zpoint
G3KA4 + ZF1,Battle rifle,auto,600,600,,Projectile_Suppression_BattleRifle,yes,BP_Projectile_7_62mm,Rifles/BP_G3KA4_Optic,5.0,0.3,0.095,0.0633,0.0317,1.15,3.5,4.0,3.0,800,1.5,20,7,1,g3ka4_zf1
G3KA4 + ZF1 + Foregrip,Battle rifle,auto,600,600,,Projectile_Suppression_BattleRifle,yes,BP_Projectile_7_62mm,Rifles/BP_G3KA4_Optic_Foregrip,5.0,0.3,0.095,0.0633,0.0317,1.15,3.5,4.0,3.0,800,1.5,20,7,1,g3ka4_foregrip_zf1
G3KA4 + ZF1 + Foregrip + Tracer,Battle rifle,auto,600,600,,Projectile_Suppression_BattleRifle,yes,BP_Projectile_7_62mm,Rifles/BP_G3KA4_Optic_Foregrip_Tracer,5.0,0.3,0.095,0.0633,0.0317,1.15,3.5,4.0,3.0,800,1.5,20,7,1,g3ka4_foregrip_zf1
Generic Rifle,Battle rifle,auto,600,600,,Projectile_Suppression_BattleRifle,yes,BP_Projectile_7_62mm,Rifles/BP_G3,5.0,0.3,0.095,0.0633,0.0317,1.15,3.5,4.0,3.0,800,1.5,20,7,1,g3a3
HK 51,Battle rifle,auto,600,600,,Projectile_Suppression_BattleRifle,yes,BP_Projectile_7_62mm,Rifles/BP_HK51,5.0,0.3,0.095,0.0633,0.0317,1.15,3.5,4.0,3.0,800,1.5,20,7,2,hk51
HK 51 + Z-Point,Battle rifle,auto,600,600,,Projectile_Suppression_BattleRifle,yes,BP_Projectile_7_62mm,Rifles/BP_HK51_ZPoint,5.0,0.3,0.095,0.0633,0.0317,1.15,3.5,4.0,3.0,800,1.5,20,7,1,hk51
M14,Battle rifle,auto,667,667,,Projectile_Suppression_BattleRifle,yes,BP_Projectile_7_62mm,Rifles/BP_M14,5.0,0.3,0.095,0.0633,0.0317,1.15,3.5,4.0,3.335,715,1.5,20,7,1,T_m14
M14 + M68,Battle rifle,auto,667,667,,Projectile_Suppression_BattleRifle,yes,BP_Projectile_7_62mm,Rifles/BP_M14_M68,5.0,0.3,0.095,0.0633,0.0317,1.15,3.5,4.0,3.335,715,1.5,20,7,1,T_m14_m68
M1A,Battle rifle,semi,667,667,,Projectile_Suppression_BattleRifle,yes,BP_Projectile_7_62mm,Rifles/BP_M14_M1A,5.0,0.3,0.095,0.0633,0.0317,1.15,3.5,4.0,3.335,715,1.5,20,7,1,T_m14
M1A + M68,Battle rifle,semi,667,667,,Projectile_Suppression_BattleRifle,yes,BP_Projectile_7_62mm,Rifles/BP_M14_M68_M1A,5.0,0.3,0.095,0.0633,0.0317,1.15,3.5,4.0,3.335,715,1.5,20,7,1,T_m14_m68
M21 + Meupold,Battle rifle,semi,667,667,,Projectile_Suppression_BattleRifle,yes,BP_Projectile_7_62mm,Rifles/BP_M21_Meupold,5.0,0.3,0.095,0.0633,0.0317,1.15,3.5,4.0,3.335,715,1.5,20,7,1,T_m21_scope
MPT-76,Battle rifle,auto,706,706,,Projectile_Suppression_BattleRifle,yes,BP_Projectile_7_62mm,Rifles/BP_MPT76,5.0,0.3,0.095,0.0633,0.0317,1.15,3.5,4.0,3.53,800,4.0,20,7,4,T_mpt76
MPT-76 +  Foregrip,Battle rifle,auto,706,706,,Projectile_Suppression_BattleRifle,yes,BP_Projectile_7_62mm,Rifles/BP_MPT76_Foregrip,5.0,0.3,0.095,0.0633,0.0317,1.15,3.5,4.0,3.53,800,4.0,20,7,1,T_mpt76_foregrip
MPT-76 + A940,Battle rifle,auto,706,706,,Projectile_Suppression_BattleRifle,yes,BP_Projectile_7_62mm,Rifles/BP_MPT76_A940,5.0,0.3,0.095,0.0633,0.0317,1.15,3.5,4.0,3.53,800,4.0,20,7,1,T_mpt76_a940
MPT-76 + A940 + Angled Foregrip + Tracer,Battle rifle,auto,706,706,,Projectile_Suppression_BattleRifle,yes,BP_Projectile_7_62mm,Rifles/BP_MPT76_Foregrip_A940_Tracer,5.0,0.3,0.095,0.0633,0.0317,1.15,3.5,4.0,3.53,800,4.0,20,7,1,T_mpt76_foregrip_a940
MPT-76 + A940 + Foregrip,Battle rifle,auto,706,706,,Projectile_Suppression_BattleRifle,yes,BP_Projectile_7_62mm,Rifles/BP_MPT76_Foregrip_A940,5.0,0.3,0.095,0.0633,0.0317,1.15,3.5,4.0,3.53,800,4.0,20,7,1,T_mpt76_foregrip_a940
MPT-76 + Angled Foregrip + Tracer,Battle rifle,auto,706,706,,Projectile_Suppression_BattleRifle,yes,BP_Projectile_7_62mm,Rifles/BP_MPT76_Foregrip_Tracer,5.0,0.3,0.095,0.0633,0.0317,1.15,3.5,4.0,3.53,800,4.0,20,7,1,T_mpt76_foregrip
MPT-76 + HNA,Battle rifle,auto,706,706,,Projectile_Suppression_BattleRifle,yes,BP_Projectile_7_62mm,Rifles/BP_MPT76_HNA,5.0,0.3,0.095,0.0633,0.0317,1.15,3.5,4.0,3.53,800,4.0,20,7,2,T_mpt76_hna
MPT-76 + HNA + Angled Foregrip + Tracer,Battle rifle,auto,706,706,,Projectile_Suppression_BattleRifle,yes,BP_Projectile_7_62mm,Rifles/BP_MPT76_Foregrip_HNA_Tracer,5.0,0.3,0.095,0.0633,0.0317,1.15,3.5,4.0,3.53,800,4.0,20,7,1,T_mpt76_foregrip_hna
MPT-76 + HNA + Foregrip,Battle rifle,auto,706,706,,Projectile_Suppression_BattleRifle,yes,BP_Projectile_7_62mm,Rifles/BP_MPT76_Foregrip_HNA,5.0,0.3,0.095,0.0633,0.0317,1.15,3.5,4.0,3.53,800,4.0,20,7,1,T_mpt76_foregrip_hna
MPT-76 AK-40GL,Battle rifle,auto,706,706,,Projectile_Suppression_BattleRifle,yes,BP_Projectile_7_62mm,GrenadeLaunchers/MPT76AK40_UGL/BP_MPT76_AK40GL_Rifle,5.0,0.3,0.095,0.0633,0.0317,1.15,3.5,4.0,3.53,800,4.0,20,7,1,T_mpt76_ak40gl
MPT-76 AK-40GL + A940,Battle rifle,auto,706,706,,Projectile_Suppression_BattleRifle,yes,BP_Projectile_7_62mm,GrenadeLaunchers/MPT76AK40_UGL/BP_MPT76_AK40GL_A940_Rifle,5.0,0.3,0.095,0.0633,0.0317,1.15,3.5,4.0,3.53,800,4.0,20,7,1,T_mpt76_ak40gl_a940
SKS,Battle rifle,semi,600,600,,Projectile_Suppression_BattleRifle,yes,BP_Projectile_7_62mm,Rifles/BP_SKS,5.0,0.3,0.095,0.0633,0.0317,1.15,3.5,4.0,3.0,715,3.0,10,5,1,sks
SKS  TAZCO + M150,Battle rifle,semi,600,600,,Projectile_Suppression_BattleRifle,yes,BP_Projectile_7_62mm,Rifles/SKS_Tazco/BP_SKSTazco_M150,5.0,0.3,0.095,0.0633,0.0317,1.15,3.5,4.0,3.0,715,3.0,20,5,1,T_SKSTazco_M150
SKS + PU,Battle rifle,semi,600,600,,Projectile_Suppression_BattleRifle,yes,BP_Projectile_7_62mm,Rifles/BP_SKS_Optic,5.0,0.3,0.095,0.0633,0.0317,1.15,3.5,4.0,3.0,715,3.0,10,5,2,sks_pu
SKS TAZCO,Battle rifle,semi,600,600,,Projectile_Suppression_BattleRifle,yes,BP_Projectile_7_62mm,Rifles/SKS_Tazco/BP_SKSTazco_Ironsight,5.0,0.3,0.095,0.0633,0.0317,1.15,3.5,4.0,3.0,715,3.0,20,5,1,T_SKSTazco_Ironsight
SKS TAZCO + T800,Battle rifle,semi,600,600,,Projectile_Suppression_BattleRifle,yes,BP_Projectile_7_62mm,Rifles/SKS_Tazco/BP_SKSTazco_T800,5.0,0.3,0.095,0.0633,0.0317,1.15,3.5,4.0,3.0,715,3.0,20,5,1,T_SKSTazco_T800
AR15 Wormpool + Meupold,DMR,semi,833,833,,Projectile_Suppression_PrecisionRifle,yes,BP_Projectile,Rifles/M16_Wormpool/BP_M16_Wormpool_Meupold_Semi,5.0,2.0,0.725,0.07,0.035,2.0,3.5,1.0,27.767,880,3.0,,5,1,T_M16_Wormpool_Meupold_Bipod
G3SG/1,DMR,semi,600,600,,Projectile_Suppression_PrecisionRifle,yes,BP_Projectile_7_62mm,Rifles/BP_G3SG1_Optic,5.0,2.0,0.725,0.07,0.035,2.0,3.5,1.0,20.0,800,1.0,20,7,1,g3sg1
HK417,DMR,semi,833,833,,Projectile_Suppression_PrecisionRifle,yes,BP_Projectile_7_62mm,Rifles/BP_HK417_Optic,5.0,2.0,0.725,0.07,0.035,2.0,3.5,1.0,27.767,783,1.0,20,7,1,HK417
KNT-76,DMR,semi,706,706,,Projectile_Suppression_PrecisionRifle,yes,BP_Projectile_7_62mm,Rifles/BP_KNT76,5.0,2.0,0.725,0.07,0.035,2.0,3.5,1.0,23.533,800,1.5,20,7,2,T_knt76
L129A1,DMR,semi,833,833,,Projectile_Suppression_PrecisionRifle,yes,BP_Projectile_7_62mm,Rifles/BP_L129A1_Optic,5.0,2.0,0.725,0.07,0.035,2.0,3.5,1.0,27.767,783,1.0,20,7,1,l129a1
Lee-Enfield No.4 Mk I,DMR,bolt,56,833,1.08,Projectile_Suppression_PrecisionRifle,yes,BP_Projectile_7_62mm,Rifles/LeeEnfieldNo4/BP_LeeEnfieldNo4,5.0,2.0,0.725,0.07,0.035,2.0,3.5,1.0,1.867,744,2.0,10,9,1,T_leeenfieldno4
M110 SASS,DMR,semi,833,833,,Projectile_Suppression_PrecisionRifle,yes,BP_Projectile_7_62mm,Rifles/BP_M110_Optic,5.0,2.0,0.725,0.07,0.035,2.0,3.5,1.0,27.767,783,1.0,20,7,1,m110
M110 SASS + Suppressor,DMR,semi,833,833,,Projectile_Suppression_PrecisionRifle,yes,BP_Projectile_7_62mm,Rifles/BP_M110_Optic_Suppressed,5.0,2.0,0.725,0.07,0.035,2.0,3.5,1.0,27.767,783,1.0,20,7,1,m110_suppressor
M16 Wormpool + Meupold,DMR,auto,833,833,,Projectile_Suppression_PrecisionRifle,yes,BP_Projectile,Rifles/M16_Wormpool/BP_M16_Wormpool_Meupold,5.0,2.0,0.725,0.07,0.035,2.0,3.5,1.0,27.767,880,3.0,,5,1,T_M16_Wormpool_Meupold_Bipod
M38,DMR,semi,833,833,,Projectile_Suppression_PrecisionRifle,yes,BP_Projectile,Rifles/BP_M38_DMR_Optic,5.0,2.0,0.725,0.07,0.035,2.0,3.5,1.0,27.767,915,1.0,,5,1,M38_DMR
M39 EMR,DMR,semi,667,667,,Projectile_Suppression_PrecisionRifle,yes,BP_Projectile_7_62mm,Rifles/BP_M39,5.0,2.0,0.725,0.07,0.035,2.0,3.5,1.0,22.233,715,1.5,20,7,1,T_M39
M39 EMR + M8541,DMR,semi,667,667,,Projectile_Suppression_PrecisionRifle,yes,BP_Projectile_7_62mm,Rifles/BP_M39_Optic,5.0,2.0,0.725,0.07,0.035,2.0,3.5,1.0,22.233,715,1.5,20,7,1,T_M39
Mosin Nagant M1891/30,DMR,bolt,44,833,1.37,Projectile_Suppression_PrecisionRifle,yes,BP_Projectile_7_62mm,Rifles/BP_Mosin_M1891,5.0,2.0,0.725,0.07,0.035,2.0,3.5,1.0,1.467,865,2.0,5,9,1,mosinm1891
Mosin Nagant M38,DMR,bolt,44,833,1.37,Projectile_Suppression_PrecisionRifle,yes,BP_Projectile_7_62mm,Rifles/BP_Mosin_M38Carbine,5.0,2.0,0.725,0.07,0.035,2.0,3.5,1.0,1.467,800,5.0,5,9,2,mosin_carbine
QBU-191,DMR,semi,451,451,,Projectile_Suppression_PrecisionRifle,yes,BP_Projectile,Rifles/QBU-191/BP_QBU-191_DMR_Parent,5.0,2.0,0.725,0.07,0.035,2.0,3.5,1.0,15.033,940,1.7999999523162842,,5,1,T_QBU191
QBU-191 + Ironsights,DMR,semi,451,451,,Projectile_Suppression_PrecisionRifle,yes,BP_Projectile,Rifles/QBU-191/BP_QBU-191_DMR_IronSights,5.0,2.0,0.725,0.07,0.035,2.0,3.5,1.0,15.033,940,1.7999999523162842,,5,1,T_QBU191
QBU-191 + QMK-191,DMR,semi,451,451,,Projectile_Suppression_PrecisionRifle,yes,BP_Projectile,Rifles/QBU-191/BP_QBU-191_DMR_Optic_QMK-191,5.0,2.0,0.725,0.07,0.035,2.0,3.5,1.0,15.033,940,1.7999999523162842,,5,1,T_QBU191_QMK191
QBU-191 + QMK-191 + Suppressor,DMR,semi,451,451,,Projectile_Suppression_PrecisionRifle,yes,BP_Projectile,Rifles/QBU-191/BP_QBU-191_DMR_Optic_QMK-191_Suppressor,5.0,2.0,0.725,0.07,0.035,2.0,3.5,1.0,15.033,940,1.7999999523162842,,5,1,T_QBU191_QMK191_Suppressor
QBU-88,DMR,semi,652,652,,Projectile_Suppression_PrecisionRifle,yes,BP_Projectile_7_62mm,Rifles/BP_QBU-88_Optic,5.0,2.0,0.725,0.07,0.035,2.0,3.5,1.0,21.733,830,1.2000000476837158,10,7,1,qbu88
QBU88,DMR,semi,652,652,,Projectile_Suppression_PrecisionRifle,yes,BP_Projectile_7_62mm,Rifles/BP_QBU-88_Parent,5.0,2.0,0.725,0.07,0.035,2.0,3.5,1.0,21.733,830,1.2000000476837158,10,7,2,qbu88
SVD,DMR,semi,652,652,,Projectile_Suppression_PrecisionRifle,yes,BP_Projectile_7_62mm,Rifles/SVD/BP_SVD_Optic,5.0,2.0,0.725,0.07,0.035,2.0,3.5,1.0,21.733,830,1.2000000476837158,10,7,2,svd
SVDM,DMR,semi,652,652,,Projectile_Suppression_PrecisionRifle,yes,BP_Projectile_7_62mm,Rifles/SVD/BP_SVDM_Optic,5.0,2.0,0.725,0.07,0.035,2.0,3.5,1.0,21.733,830,1.2000000476837158,10,7,4,T_SVDM
UAR-10,DMR,semi,833,833,,Projectile_Suppression_PrecisionRifle,yes,BP_Projectile_7_62mm,Rifles/UAR-10/BP_UAR-10_Irons,5.0,2.0,0.725,0.07,0.035,2.0,3.5,1.0,27.767,783,1.0,10,7,1,uar10_iron
UAR-10 + Optic,DMR,semi,833,833,,Projectile_Suppression_PrecisionRifle,yes,BP_Projectile_7_62mm,Rifles/UAR-10/BP_UAR-10_Optic,5.0,2.0,0.725,0.07,0.035,2.0,3.5,1.0,27.767,783,1.0,10,7,1,uar10
AK-12 GP-25 UGL,Explosive,semi,652,652,,Explosion_Suppression_GrenadeLauncher_NoPassby,no,BP_40MM_VOG_Proj2,GrenadeLaunchers/AK12GP25_UGL/BP_AK12GP25_UGL_Parent,,,,,,,,,,76,40.0,1,,3,gp25
AK-40GL,Explosive,semi,750,750,,Explosion_Suppression_GrenadeLauncher_NoPassby,no,BP_40MM_Proj2,GrenadeLaunchers/MPT76AK40_UGL/BP_MPT76_AK40GL_UGL_Parent,,,,,,,,,,70,30.0,1,,2,T_ak40gl_he
AK-40GL Fragmentation,Explosive,semi,750,750,,Explosion_Suppression_GrenadeLauncher_NoPassby,no,BP_40MM_Proj2,GrenadeLaunchers/MPT76AK40_UGL/BP_MPT76_AK40GL_UGL_HE,,,,,,,,,,70,30.0,1,,2,T_ak40gl_he
BP_AK74GP25_UGL_Parent,Explosive,semi,652,652,,Explosion_Suppression_GrenadeLauncher_NoPassby,no,BP_40MM_VOG_Proj2,GrenadeLaunchers/AK74GP25_UGL/BP_AK74GP25_UGL_Parent,,,,,,,,,,76,40.0,1,,1,gp25
C90-CR,Explosive,semi,30,30,,Explosion_Suppression_50mm_HEAT_NoPassby,no,BP_C90_Rocket_Proj,RocketLaunchers/C90/BP_C90CR,,,,,,2.0,,,,160,10.0,1,420,2,C90CR
Carl Gustav M2 High Explosive Anti Tank,Explosive,semi,900,900,,Explosion_Suppression_90mm_HEAT_NoPassby,no,BP_FFV551_Rocket_Proj2,RocketLaunchers/BP_CarlGustavM2_Parent,,,,,,2.0,,,,310,7.0,1,400,2,carlgustavm2+no78mk1
DZJ-08,Explosive,semi,30,30,,Explosion_Suppression_50mm_HEAT_NoPassby,no,BP_DZJ-08_Heat_Proj,RocketLaunchers/DZJ-08/BP_DZJ-08,,,,,,2.0,,,,172,10.0,1,320,1,dzj08
GP-25 Fragmentation,Explosive,semi,652,652,,Explosion_Suppression_GrenadeLauncher_NoPassby,no,BP_40MM_VOG_Proj2,GrenadeLaunchers/AKMGP25_UGL/BP_AKMGP25_UGL_HE,,,,,,,,,,76,40.0,1,,9,gp25
GP-25 High Explosive,Explosive,semi,652,652,,Explosion_Suppression_GrenadeLauncher_NoPassby,no,BP_40MM_VOG_Proj2,GrenadeLaunchers/AK74MGP25_UGL/BP_AK74MGP25_UGL_HE,,,,,,,,,,76,40.0,1,,18,gp25
HAR-66,Explosive,semi,30,30,,Explosion_Suppression_50mm_HEAT_NoPassby,no,BP_M72A7_Rocket_Proj2,RocketLaunchers/BP_HAR66,,,,,,2.0,,,,144,15.0,1,320,2,T_HAR66
HK79,Explosive,semi,750,750,,Explosion_Suppression_GrenadeLauncher_NoPassby,no,BP_40MM_Proj2,GrenadeLaunchers/G3A3HK79_UGL/BP_G3A3HK79_UGL_Parent,,,,,,,,,,76,30.0,1,10,2,hk79_gl
HK79 High Explosive,Explosive,semi,750,750,,Explosion_Suppression_GrenadeLauncher_NoPassby,no,BP_40MM_Proj2,GrenadeLaunchers/G3A3HK79_UGL/BP_G3A3HK79_UGL_HE,,,,,,,,,,76,30.0,1,10,2,hk79_gl
L123A2,Explosive,semi,750,750,,Explosion_Suppression_GrenadeLauncher_NoPassby,no,BP_40MM_Proj2,GrenadeLaunchers/L85A2AG36_UGL/BP_L85A2AG36_UGL_Parent,,,,,,,,,,76,30.0,1,,7,ag36_gl
L123A2 High Explosive,Explosive,semi,750,750,,Explosion_Suppression_GrenadeLauncher_NoPassby,no,BP_40MM_Proj2,GrenadeLaunchers/L85A2AG36_UGL/BP_L85A2AG36_LDS_UGL_HE,,,,,,,,,,76,30.0,1,20,1,ag36_gl
L123A2 High Explosive Dual Purpose,Explosive,semi,750,750,,Explosion_Suppression_GrenadeLauncher_NoPassby,no,BP_40MM_Proj2,GrenadeLaunchers/L85A2AG36_UGL/BP_L85A2AG36_UGL_HE,,,,,,,,,,76,30.0,1,20,4,ag36_gl
L2A1 ILAW,Explosive,semi,30,30,,Explosion_Suppression_50mm_HEAT_NoPassby,no,BP_AT4_HighPenetration_Rocket_Proj2,RocketLaunchers/BP_ILAWAT4,,,,,,2.0,,,,290,10.0,1,600,1,at4
L72A9 LASM,Explosive,semi,30,30,,Explosion_Suppression_50mm_HEAT_NoPassby,no,BP_M72A6_Rocket_Proj,RocketLaunchers/BP_M72A7_LASM,,,,,,2.0,,,,144,15.0,1,320,1,m72law
M136 AT-4 CS High Explosive Anti-Tank,Explosive,semi,30,30,,Explosion_Suppression_50mm_HEAT_NoPassby,no,BP_AT4_Rocket_Proj2,RocketLaunchers/BP_M136AT4_2mags,,,,,,2.0,,,,290,10.0,1,420,1,at4
M136 AT4,Explosive,semi,30,30,,Explosion_Suppression_50mm_HEAT_NoPassby,no,BP_AT4_Rocket_Proj2,RocketLaunchers/BP_M136AT4,,,,,,2.0,,,,290,10.0,1,420,1,at4
M2 Carl Gustav (FFV441D HE),Explosive,semi,900,900,,Explosion_Suppression_90mm_HEAT_NoPassby,no,BP_FFV441D_Rocket_Proj,RocketLaunchers/BP_CarlGustavM2_FFV441D_No78Mk1,,,,,,2.0,,,,255,7.0,1,9,2,carlgustavm2+no78mk1
M2 Carl Gustav (FFV551 HEAT),Explosive,semi,900,900,,Explosion_Suppression_90mm_HEAT_NoPassby,no,BP_FFV551_Rocket_Proj2,RocketLaunchers/BP_CarlGustavM2_FFV551_No78Mk1,,,,,,2.0,,,,310,7.0,1,400,2,carlgustavm2+no78mk1
M2 Carl Gustav (FFV751 Tandem),Explosive,semi,900,900,,Explosion_Suppression_90mm_HEAT_NoPassby,no,BP_FFV751_Tandem_Heat_Proj2,RocketLaunchers/BP_CarlGustavM2_FFV751_No78Mk1,,,,,,2.0,,,,255,7.0,1,400,2,carlgustavm2+no78mk1
M203,Explosive,semi,750,750,,Explosion_Suppression_GrenadeLauncher_NoPassby,no,BP_40MM_Proj2,GrenadeLaunchers/M4M203_UGL/BP_M4M203_UGL_Parent,,,,,,,,,,76,30.0,1,10,11,m203_gl
M203 HE,Explosive,semi,750,750,,Explosion_Suppression_GrenadeLauncher_NoPassby,no,BP_40MM_Proj2,GrenadeLaunchers/M16A2M203_UGL/BP_M16A2M203_Optic_UGL_HE,,,,,,,,,,76,30.0,1,10,3,m203_gl
M203 High Explosive,Explosive,semi,750,750,,Explosion_Suppression_GrenadeLauncher_NoPassby,no,BP_40MM_Proj2,GrenadeLaunchers/M4M203_UGL/BP_M4M203_UGL_HE,,,,,,,,,,76,30.0,1,20,7,m203_gl
M203 High Explosive Dual Purpose,Explosive,semi,750,750,,Explosion_Suppression_GrenadeLauncher_NoPassby,no,BP_40MM_Proj2,GrenadeLaunchers/M4M203_UGL/BP_M4M203_M68_UGL_HE,,,,,,,,,,76,30.0,1,20,5,m203_gl
M203A1 High Explosive,Explosive,semi,750,750,,Explosion_Suppression_GrenadeLauncher_NoPassby,no,BP_40MM_Proj2,GrenadeLaunchers/C8A3_M203_UGL/BP_C8A3_M203_ET_UGL_HE,,,,,,,,,,76,35.0,1,20,2,m203_gl
M203A1 High Explosive Dual Purpose,Explosive,semi,750,750,,Explosion_Suppression_GrenadeLauncher_NoPassby,no,BP_40MM_Proj2,GrenadeLaunchers/C7A2_M203A1_UGL/BP_C7A2_M203A1_ET_UGL_HE,,,,,,,,,,76,35.0,1,20,2,m203_gl
M3 MAAWS,Explosive,semi,900,900,,Explosion_Suppression_90mm_HEAT_NoPassby,no,BP_M3MAAWS_Heat_Proj2,RocketLaunchers/M3MAAWS/BP_M3MAAWS_Parent,,,,,,2.0,,,,63,7.0,1,400,1,m3maaws_heat
M3 MAAWS (FFV469B Smoke),Explosive,semi,900,900,,Explosion_Suppression_90mm_HEAT_NoPassby,no,BP_M3MAAWS_Smoke_Proj2,RocketLaunchers/M3MAAWS/BP_M3MAAWS_Smoke_2mags,,,,,,2.0,,,,63,7.0,1,,1,m3maaws_smoke
M3 MAAWS (FFV551 HEAT),Explosive,semi,900,900,,Explosion_Suppression_90mm_HEAT_NoPassby,no,BP_M3MAAWS_Heat_Proj2,RocketLaunchers/M3MAAWS/BP_M3MAAWS_Heat,,,,,,2.0,,,,63,7.0,1,420,2,m3maaws_heat
M3 MAAWS (FFV751 Tandem),Explosive,semi,900,900,,Explosion_Suppression_90mm_HEAT_NoPassby,no,BP_M3MAAWS_Tandem_Heat_Proj2,RocketLaunchers/M3MAAWS/BP_M3MAAWS_Tandem,,,,,,2.0,,,,63,7.0,1,900,1,m3maaws_tandem
M3 MAAWS Smoke,Explosive,semi,900,900,,Explosion_Suppression_90mm_HEAT_NoPassby,no,BP_M3MAAWS_Smoke_Proj2,RocketLaunchers/M3MAAWS/BP_M3MAAWS_Smoke,,,,,,2.0,,,,63,7.0,1,,1,m3maaws_smoke
M3 MDFSW  (FFV469B Smoke),Explosive,semi,900,900,,Explosion_Suppression_90mm_HEAT_NoPassby,no,BP_M3MAAWS_Smoke_Proj2,RocketLaunchers/M3MAAWS/BP_M3MDFSW_Smoke_2mags,,,,,,2.0,,,,63,7.0,1,,1,m3maaws_smoke
M3 MDFSW (FFV551 HEAT),Explosive,semi,900,900,,Explosion_Suppression_90mm_HEAT_NoPassby,no,BP_M3MAAWS_Heat_Proj2,RocketLaunchers/M3MAAWS/BP_M3MDFSW_Heat,,,,,,2.0,,,,63,7.0,1,420,1,m3maaws_heat
M3 MDFSW (FFV751 Tandem),Explosive,semi,900,900,,Explosion_Suppression_90mm_HEAT_NoPassby,no,BP_M3MAAWS_Tandem_Heat_Proj2,RocketLaunchers/M3MAAWS/BP_M3MDFSW_Tandem,,,,,,2.0,,,,63,7.0,1,900,1,m3maaws_tandem
M320 GLM HEDP,Explosive,semi,750,750,,Explosion_Suppression_GrenadeLauncher_NoPassby,no,BP_40MM_Proj2,GrenadeLaunchers/M320/BP_M320_Parent,,,,,,,,,,76,30.0,1,20,2,T_m320_he
M320 High Explosive,Explosive,semi,750,750,,Explosion_Suppression_GrenadeLauncher_NoPassby,no,BP_40MM_Proj2,GrenadeLaunchers/M320/BP_M320_HE,,,,,,,,,,76,30.0,1,20,1,T_m320_he
M72 SRAAW,Explosive,semi,30,30,,Explosion_Suppression_50mm_HEAT_NoPassby,no,BP_M72A6_Rocket_Proj,RocketLaunchers/BP_M72A7_SRAAW,,,,,,2.0,,,,144,15.0,1,320,1,m72law
M72A5-C1,Explosive,semi,30,30,,Explosion_Suppression_50mm_HEAT_NoPassby,no,BP_M72A5_Rocket_Proj,RocketLaunchers/BP_M72A7_M72A5,,,,,,2.0,,,,144,15.0,1,320,2,m72law
M72A7 LAW,Explosive,semi,30,30,,Explosion_Suppression_50mm_HEAT_NoPassby,no,BP_M72A7_Rocket_Proj2,RocketLaunchers/BP_M72A7,,,,,,2.0,,,,144,15.0,1,320,2,m72law
Mk 153 SMAW (Mk 3 HEDM),Explosive,semi,900,900,,Explosion_Suppression_50mm_HEAT_NoPassby,no,BP_SMAW_Heat_Proj2,RocketLaunchers/SMAW/BP_SMAW_HEAT,,,,,,2.0,,,,220,7.0,1,400,2,smaw_heat
Mk 153 SMAW (Mk 6 HEAA),Explosive,semi,900,900,,Explosion_Suppression_90mm_HEAT_NoPassby,no,BP_SMAW_Tandem_Heat_Proj2,RocketLaunchers/SMAW/BP_SMAW_Tandem,,,,,,2.0,,,,220,7.0,1,400,2,smaw_tandem
MK153 SMAW HE Dual Purpose,Explosive,semi,900,900,,Explosion_Suppression_50mm_HEAT_NoPassby,no,BP_SMAW_Heat_Proj2,RocketLaunchers/SMAW/BP_SMAW_Parent,,,,,,2.0,,,,220,7.0,1,400,1,m3maaws_heat
MKE MGL High Explosive,Explosive,semi,120,120,,Explosion_Suppression_GrenadeLauncher_NoPassby,no,BP_40MM_Proj2,GrenadeLaunchers/MGL_GL/BP_MGL_HE,,,,,,,,,,75,30.0,6,,1,T_mgl_he
MKE MGL High Explosive Dual Purpose,Explosive,semi,120,120,,Explosion_Suppression_GrenadeLauncher_NoPassby,no,BP_40MM_Proj2,GrenadeLaunchers/MGL_GL/BP_MGL_Parent,,,,,,,,,,75,30.0,6,5,1,T_mgl_he
NLAW,Explosive,semi,900,900,,Explosion_Suppression_90mm_HEAT_NoPassby,no,BP_NLAW_Proj,RocketLaunchers/NLAW/BP_NLAW,,,,,,2.0,,,,40,1.0,1,400,2,nlaw
PF98 (DZP-98 Tandem),Explosive,semi,94,94,,Explosion_Suppression_90mm_HEAT_NoPassby,no,BP_PF-98_Tandem_Proj,RocketLaunchers/PF-98/BP_PF-98_Tandem,,,,,,2.0,,,,310,7.0,1,900,2,pf98_heat
PF98 (DZY-98 HE),Explosive,semi,94,94,,Explosion_Suppression_90mm_Frag_NoPassby,no,BP_PF-98_HE_Proj,RocketLaunchers/PF-98/BP_PF-98_HE,,,,,,2.0,,,,220,7.0,1,400,2,pf98_he
QLG-10 High Explosive,Explosive,semi,652,652,,Explosion_Suppression_GrenadeLauncher_NoPassby,no,BP_40MM_VOG_Proj2,GrenadeLaunchers/QBZ-95-1_QLG-10_UGL/BP_QBZ95-1_QLG-10_UGL_HE,,,,,,,,,,78,40.0,1,,4,qlg10_gl
QLZ-87 AGL High Explosive Dual Purpose,Explosive,auto,492,492,,Explosion_Suppression_GrenadeLauncher_NoPassby,no,BP_35MM_Proj_QLZ87_HEDP,GrenadeLaunchers/QLZ-87/BP_QLZ-87_AGL_Parent,,,,,,,,,,190,20.0,6,80,2,T_QLZ87_HE
QLZ-87 AGL High Explosive Dual Purpose + YMA-87-35,Explosive,auto,492,492,,Explosion_Suppression_GrenadeLauncher_NoPassby,no,BP_35MM_Proj_QLZ87_HEDP,GrenadeLaunchers/QLZ-87/BP_QLZ87_AGL_HEDP_Optic,,,,,,,,,,190,20.0,6,80,1,T_QLZ87_Optic_HE
Rifle Grenade (Fragmentation),Explosive,semi,750,750,,Explosion_Suppression_90mm_Frag_NoPassby,no,BP_Projectile_RifleGrenade_FNFAL_Frag,GrenadeLaunchers/FNFAL_GL/BP_FNFAL_GL_Frag,,,,,,2.0,,,,76,30.0,1,20,1,FNFAL_GL_Frag
Rifle Grenade (HEAT),Explosive,semi,750,750,,Explosion_Suppression_50mm_HEAT_NoPassby,no,BP_Projectile_RifleGrenade_FNFAL_HEAT,GrenadeLaunchers/FNFAL_GL/BP_FNFAL_GL_HEAT,,,,,,2.0,,,,76,30.0,1,320,1,FNFAL_GL_HEAT
RPG-26,Explosive,semi,30,30,,Explosion_Suppression_50mm_HEAT_NoPassby,no,BP_RPG26_Rocket_Proj2,RocketLaunchers/BP_RPG26,,,,,,2.0,,,,144,15.0,1,320,2,rpg26
RPG-28,Explosive,semi,30,30,,Explosion_Suppression_90mm_HEAT_NoPassby,no,BP_RPG28_Tandem_Proj,RocketLaunchers/RPG28/BP_RPG28,,,,,,2.0,,,,250,20.0,1,320,2,rpg28
RPG-29 (PG-29V Tandem),Explosive,semi,900,900,,Explosion_Suppression_90mm_HEAT_NoPassby,no,BP_RPG29_Tandem_Heat_Proj2,RocketLaunchers/BP_RPG29,,,,,,2.0,,,,280,10.0,1,900,2,rpg29
RPG-7,Explosive,semi,900,900,,Explosion_Suppression_90mm_Frag_NoPassby,no,BP_RPG7_Frag_Proj2,RocketLaunchers/RPG7/RPG7/BP_RPG7_Parent,,,,,,2.0,,,,117,20.0,1,250,4,rpg7
RPG-7 (OG-7V Fragmentation),Explosive,semi,900,900,,Explosion_Suppression_90mm_Frag_NoPassby,no,BP_RPG7_Frag_Proj2,RocketLaunchers/RPG7/RPG7/BP_RPG7_Frag_2Mag,,,,,,2.0,,,,117,20.0,1,9,3,rpg7frag
RPG-7 (PG-7VL HEAT),Explosive,semi,900,900,,Explosion_Suppression_50mm_HEAT_NoPassby,no,BP_RPG7_Heat_Proj2,RocketLaunchers/RPG7/RPG7/BP_RPG7_Heat,,,,,,2.0,,,,117,20.0,1,320,2,rpg7heat
RPG-7 (PG-7VR Tandem),Explosive,semi,900,900,,Explosion_Suppression_90mm_HEAT_NoPassby,no,BP_RPG7_Tandem_Heat_Proj2,RocketLaunchers/RPG7/RPG7/BP_RPG7_Tandem,,,,,,2.0,,,,63,20.0,1,900,2,rpg7tandem
RPG-7 Fragmentation,Explosive,semi,900,900,,Explosion_Suppression_90mm_Frag_NoPassby,no,BP_RPG7_Frag_Proj2,RocketLaunchers/RPG7/RPG7/BP_RPG7_Frag,,,,,,2.0,,,,117,20.0,1,9,1,rpg7frag
RPG-7 Thermobaric,Explosive,semi,900,900,,Explosion_Suppression_90mm_Frag_NoPassby,no,BP_RPG7_Thermo_Proj2,RocketLaunchers/RPG7/RPG7/BP_RPG7_Thermo,,,,,,2.0,,,,63,20.0,1,12,1,rpg7thermo
RPG-7V1 (OG-7V Fragmentation),Explosive,semi,900,900,,Explosion_Suppression_90mm_Frag_NoPassby,no,BP_RPG7_Frag_Proj2,RocketLaunchers/RPG7/RPG7/BP_RPG7V1_Frag,,,,,,2.0,,,,117,15.0,1,9,7,rpg7v2frag
RPG-7V1 (PG-7VL HEAT),Explosive,semi,900,900,,Explosion_Suppression_50mm_HEAT_NoPassby,no,BP_RPG7_Heat_Proj2,RocketLaunchers/RPG7/RPG7/BP_RPG7V1_Heat,,,,,,2.0,,,,117,15.0,1,320,6,rpg7v2heat
RPG-7V1 (PG-7VR Tandem),Explosive,semi,900,900,,Explosion_Suppression_90mm_HEAT_NoPassby,no,BP_RPG7_Tandem_Heat_Proj2,RocketLaunchers/RPG7/RPG7/BP_RPG7V1_Tandem,,,,,,2.0,,,,65,15.0,1,900,5,rpg7v2tandem
RPG-7V1 (TBG-7V Thermobaric),Explosive,semi,900,900,,Explosion_Suppression_90mm_Frag_NoPassby,no,BP_RPG7_Thermo_Proj2,RocketLaunchers/RPG7/RPG7/BP_RPG7V1_Thermo,,,,,,2.0,,,,63,15.0,1,12,3,rpg7v2thermo
RPG-7V2,Explosive,semi,900,900,,Explosion_Suppression_90mm_Frag_NoPassby,no,BP_RPG7_Frag_Proj2,RocketLaunchers/RPG7/RPG7/BP_RPG7V1_Parent,,,,,,2.0,,,,117,15.0,1,250,5,rpg7v2heat
RPG-7v2 (OG-7V Fragmentation),Explosive,semi,900,900,,Explosion_Suppression_90mm_Frag_NoPassby,no,BP_RPG7_Frag_Proj2,RocketLaunchers/RPG7/RPG7V2/BP_RPG7V2_Frag,,,,,,2.0,,,,117,20.0,1,250,3,rpg7frag
RPG-7v2 (PG-7VL HEAT),Explosive,semi,900,900,,Explosion_Suppression_50mm_HEAT_NoPassby,no,BP_RPG7_Heat_Proj2,RocketLaunchers/RPG7/RPG7V2/BP_RPG7V2_HEAT-PG7VL,,,,,,2.0,,,,117,20.0,1,250,1,rpg7heat
RPG-7V2 (PG-7VR Tandem),Explosive,semi,900,900,,Explosion_Suppression_90mm_HEAT_NoPassby,no,BP_RPG7_Tandem_Heat_Proj2,RocketLaunchers/RPG7/RPG7V2/BP_RPG7V2_Tandem,,,,,,2.0,,,,117,20.0,1,250,2,rpg7tandem
RPG-7v2(PG-7VL HEAT),Explosive,semi,900,900,,Explosion_Suppression_90mm_Frag_NoPassby,no,BP_RPG7_Frag_Proj2,RocketLaunchers/RPG7/RPG7V2/BP_RPG7V2_HEAT-PG7VM,,,,,,2.0,,,,117,20.0,1,250,1,rpg7
SL40,Explosive,semi,750,750,,Explosion_Suppression_GrenadeLauncher_NoPassby,no,BP_40MM_Proj2,GrenadeLaunchers/EF88SL40_UGL/BP_EF88_SL40_UGL_Parent,,,,,,,,,,76,30.0,1,,1,T_sl40_gl
SL40 High Explosive,Explosive,semi,750,750,,Explosion_Suppression_GrenadeLauncher_NoPassby,no,BP_40MM_Proj2,GrenadeLaunchers/EF88SL40_UGL/BP_EF88_SL40_UGL_HE,,,,,,,,,,76,30.0,1,,1,T_sl40_gl
BP_GenericMachineGun,LMG,auto,857,857,,Projectile_Suppression_LMG,yes,BP_Projectile,MachineGuns/BP_GenericMachineGun,6.0,0.2,0.16,0.12,0.08,1.25,,7.0,2.857,880,5.0,100,5,1,m249pip
C9A2,LMG,auto,857,857,,Projectile_Suppression_LMG,yes,BP_Projectile,MachineGuns/BP_C9A2,6.0,0.2,0.16,0.12,0.08,1.25,,7.0,2.857,915,6.0,200,5,1,C9A2_Irons
C9A2 + C79A2,LMG,auto,857,857,,Projectile_Suppression_LMG,yes,BP_Projectile,MachineGuns/BP_C9A2_C79A2,6.0,0.2,0.16,0.12,0.08,1.25,,7.0,2.857,915,6.0,200,5,1,C9A2
C9A2 CQB + Foregrip,LMG,auto,857,857,,Projectile_Suppression_LMG,yes,BP_Projectile,MachineGuns/BP_C9A2_Foregrip,6.0,0.2,0.16,0.12,0.08,1.25,,7.0,2.857,915,6.0,200,5,1,T_c9a2_foregrip_irons
F89 + ET552,LMG,auto,857,857,,Projectile_Suppression_LMG,yes,BP_Projectile,MachineGuns/BP_F89_ET552,6.0,0.2,0.16,0.12,0.08,1.25,,7.0,2.857,915,6.0,100,5,1,T_f89_eotech
F89 + Specter,LMG,auto,857,857,,Projectile_Suppression_LMG,yes,BP_Projectile,MachineGuns/BP_F89_Specter,6.0,0.2,0.16,0.12,0.08,1.25,,7.0,2.857,970,6.0,100,5,1,T_f89_specter
L110A2,LMG,auto,857,857,,Projectile_Suppression_LMG,yes,BP_Projectile,MachineGuns/BP_L110A2,6.0,0.2,0.16,0.12,0.08,1.25,,7.0,2.857,915,6.0,100,5,1,l110a2
L110A2 + SUSAT,LMG,auto,857,857,,Projectile_Suppression_LMG,yes,BP_Projectile,MachineGuns/BP_L110A2_SUSAT,6.0,0.2,0.16,0.12,0.08,1.25,,7.0,2.857,915,6.0,100,5,1,l110a2_susat
M16 Wormpool + C-mag,LMG,auto,833,833,,Projectile_Suppression_LMG,yes,BP_Projectile,Rifles/M16_Wormpool/BP_M16_Wormpool_Ironsights_Cmag,6.0,0.2,0.16,0.12,0.08,1.25,,7.0,2.777,880,3.0,100,5,1,T_M16_Wormpool_Ironsights_CMag_Bipod
M249,LMG,auto,857,857,,Projectile_Suppression_LMG,yes,BP_Projectile,MachineGuns/BP_M249_Classic,6.0,0.2,0.16,0.12,0.08,1.25,,7.0,2.857,915,6.0,200,5,1,m249
M249 PIP,LMG,auto,857,857,,Projectile_Suppression_LMG,yes,BP_Projectile,MachineGuns/BP_M249_Pip,6.0,0.2,0.16,0.12,0.08,1.25,,7.0,2.857,915,6.0,100,5,1,m249pip
M249 PIP + M145,LMG,auto,857,857,,Projectile_Suppression_LMG,yes,BP_Projectile,MachineGuns/BP_M249_Pip_M145,6.0,0.2,0.16,0.12,0.08,1.25,,7.0,2.857,915,6.0,100,5,1,m249pip_elcan
M249 PIP + M68,LMG,auto,857,857,,Projectile_Suppression_LMG,yes,BP_Projectile,MachineGuns/BP_M249_Pip_M68,6.0,0.2,0.16,0.12,0.08,1.25,,7.0,2.857,915,6.0,100,5,1,m249pip_aimpoint
M249 PIP + SDO,LMG,auto,857,857,,Projectile_Suppression_LMG,yes,BP_Projectile,MachineGuns/BP_M249_Pip_SDO,6.0,0.2,0.16,0.12,0.08,1.25,,7.0,2.857,915,6.0,100,5,1,m249_sdo
Minimi,LMG,auto,857,857,,Projectile_Suppression_LMG,yes,BP_Projectile,MachineGuns/BP_Minimi_Classic,6.0,0.2,0.16,0.12,0.08,1.25,,7.0,2.857,915,6.0,200,5,1,minimi
QJB-201,LMG,auto,800,800,,Projectile_Suppression_LMG,yes,BP_Projectile,MachineGuns/QJB-201/BP_QJB201_Parent,6.0,0.2,0.16,0.12,0.08,1.25,,7.0,2.667,960,4.0,100,7,2,QJB201_Box
QJB-201 + QMK-204,LMG,auto,800,800,,Projectile_Suppression_LMG,yes,BP_Projectile,MachineGuns/QJB-201/BP_QJB201_Optic,6.0,0.2,0.16,0.12,0.08,1.25,,7.0,2.667,960,4.0,100,7,1,QJB201_Box_Optic
RPD,LMG,auto,750,750,,Projectile_Suppression_LMG,yes,BP_Projectile_7_62mm,MachineGuns/BP_RPD,6.0,0.2,0.16,0.12,0.08,1.25,,7.0,2.5,715,5.0,100,7,1,rpd
HK416 + SDO,LSW,auto,833,833,,Projectile_Suppression_LSW,yes,BP_Projectile,MachineGuns/BP_HK416_SDO,5.0,0.3,0.1472,0.0656,0.0328,1.25,1.5,5.0,4.165,915,3.0,,5,1,T_M27_Optic_Bipod
L86A2 LSW,LSW,auto,652,652,,Projectile_Suppression_LSW,yes,BP_Projectile,Rifles/BP_L86A2LSW,5.0,0.3,0.1472,0.0656,0.0328,1.25,1.5,5.0,3.26,940,1.2000000476837158,,5,1,l86a2
L86A2 LSW + SUSAT,LSW,auto,652,652,,Projectile_Suppression_LSW,yes,BP_Projectile,Rifles/BP_L86A2LSW_SUSAT,5.0,0.3,0.1472,0.0656,0.0328,1.25,1.5,5.0,3.26,940,1.2000000476837158,,5,1,l86a2_susat
M27 IAR + Bipod,LSW,auto,833,833,,Projectile_Suppression_LSW,yes,BP_Projectile,Rifles/BP_M27_Bipod,5.0,0.3,0.1472,0.0656,0.0328,1.25,1.5,5.0,4.165,880,3.0,,5,1,T_M27_Bipod
M27 IAR + SDO + Bipod,LSW,auto,833,833,,Projectile_Suppression_LSW,yes,BP_Projectile,Rifles/BP_M27_Optic_Bipod,5.0,0.3,0.1472,0.0656,0.0328,1.25,1.5,5.0,4.165,915,3.0,,5,1,T_M27_Optic_Bipod
QBU-191 LSW,LSW,auto,451,451,,Projectile_Suppression_LSW,yes,BP_Projectile,Rifles/QBU-191/BP_QBU-191_Drum_LSW_Ironsights,5.0,0.3,0.1472,0.0656,0.0328,1.25,1.5,5.0,2.255,940,1.7999999523162842,75,5,1,T_QBU191_Drum
QBU-191 LSW + Holo Sight,LSW,auto,451,451,,Projectile_Suppression_LSW,yes,BP_Projectile,Rifles/QBU-191/BP_QBU-191_Drum_LSW_Holo,5.0,0.3,0.1472,0.0656,0.0328,1.25,1.5,5.0,2.255,940,1.7999999523162842,75,5,1,T_QBU191_Drum_Holo
QBU-191 LSW + QMK-171A,LSW,auto,451,451,,Projectile_Suppression_LSW,yes,BP_Projectile,Rifles/QBU-191/BP_QBU-191_Drum_LSW_Optic_QMK171A,5.0,0.3,0.1472,0.0656,0.0328,1.25,1.5,5.0,2.255,940,1.7999999523162842,75,5,1,T_QBU191_Drum_QMK171A
QJB95-1,LSW,auto,652,652,,Projectile_Suppression_LSW,yes,BP_Projectile,MachineGuns/BP_QJB95-1_LSW,5.0,0.3,0.1472,0.0656,0.0328,1.25,1.5,5.0,3.26,940,2.0,75,5,1,T_qjb95-1
QJB95-1 + YMA600,LSW,auto,652,652,,Projectile_Suppression_LSW,yes,BP_Projectile,MachineGuns/BP_QJB95-1_LSW_Optic,5.0,0.3,0.1472,0.0656,0.0328,1.25,1.5,5.0,3.26,940,2.0,75,5,1,T_qjb95-1_yma600
RPK,LSW,auto,600,600,,Projectile_Suppression_LSW,yes,BP_Projectile_7_62mm,MachineGuns/BP_RPK,5.0,0.3,0.1472,0.0656,0.0328,1.25,1.5,5.0,3.0,745,7.0,75,5,2,rpk
RPK + 1P29,LSW,auto,600,600,,Projectile_Suppression_LSW,yes,BP_Projectile_7_62mm,MachineGuns/BP_RPK_1p29,5.0,0.3,0.1472,0.0656,0.0328,1.25,1.5,5.0,3.0,745,7.0,75,5,1,rpk_1p29
RPK + OKP-7,LSW,auto,600,600,,Projectile_Suppression_LSW,yes,BP_Projectile_7_62mm,MachineGuns/BP_RPK_OKP7,5.0,0.3,0.1472,0.0656,0.0328,1.25,1.5,5.0,3.0,745,7.0,75,5,1,rpk_okp7
RPK + PSO-1,LSW,auto,600,600,,Projectile_Suppression_LSW,yes,BP_Projectile_7_62mm,MachineGuns/BP_RPK_PSO1,5.0,0.3,0.1472,0.0656,0.0328,1.25,1.5,5.0,3.0,745,7.0,75,5,1,rpk_pso1
RPK + Yoloson,LSW,auto,600,600,,Projectile_Suppression_LSW,yes,BP_Projectile_7_62mm,MachineGuns/BP_RPK_Yoloson,5.0,0.3,0.1472,0.0656,0.0328,1.25,1.5,5.0,3.0,745,7.0,75,5,1,rpk_Yoloson
RPK-74,LSW,auto,652,652,,Projectile_Suppression_LSW,yes,BP_Projectile,MachineGuns/BP_RPK74,5.0,0.3,0.1472,0.0656,0.0328,1.25,1.5,5.0,3.26,960,6.0,45,5,2,rpk74
RPK-74 + 1P29,LSW,auto,652,652,,Projectile_Suppression_LSW,yes,BP_Projectile,MachineGuns/BP_RPK74_1P29,5.0,0.3,0.1472,0.0656,0.0328,1.25,1.5,5.0,3.26,960,6.0,45,5,1,rpk74_1p29
RPK-74 + 1P78,LSW,auto,652,652,,Projectile_Suppression_LSW,yes,BP_Projectile,MachineGuns/BP_RPK74_1P78,5.0,0.3,0.1472,0.0656,0.0328,1.25,1.5,5.0,3.26,960,6.0,45,5,1,rpk74_1p78
RPK-74 + OKP-7,LSW,auto,652,652,,Projectile_Suppression_LSW,yes,BP_Projectile,MachineGuns/BP_RPK74_OKP7,5.0,0.3,0.1472,0.0656,0.0328,1.25,1.5,5.0,3.26,960,6.0,45,5,2,rpk74_okp7
RPK-74 + TA31,LSW,auto,652,652,,Projectile_Suppression_LSW,yes,BP_Projectile,MachineGuns/BP_RPK74_M150_Pro,5.0,0.3,0.1472,0.0656,0.0328,1.25,1.5,5.0,3.26,960,6.0,45,5,1,rpk74_m150
RPK-74M,LSW,auto,652,652,,Projectile_Suppression_LSW,yes,BP_Projectile,MachineGuns/BP_RPK74M,5.0,0.3,0.1472,0.0656,0.0328,1.25,1.5,5.0,3.26,960,6.0,45,5,1,rpk74m
RPK-74M + 1P78,LSW,auto,652,652,,Projectile_Suppression_LSW,yes,BP_Projectile,MachineGuns/BP_RPK74M_1P78,5.0,0.3,0.1472,0.0656,0.0328,1.25,1.5,5.0,3.26,960,6.0,45,5,1,rpk74m_1p78
C6,MMG,auto,706,706,,Projectile_Suppression_MMG,yes,BP_Projectile_7_62mm,MachineGuns/BP_C6,7.0,0.35,0.2553,0.1607,0.1158,1.75,,6.0,4.118,853,3.0,75,7,1,mag58
C6A1 FLEX,MMG,auto,706,706,,Projectile_Suppression_MMG,yes,BP_Projectile_7_62mm,MachineGuns/BP_C6A1,7.0,0.35,0.2553,0.1607,0.1158,1.75,,6.0,4.118,853,3.0,75,7,1,C6A1
L7A2,MMG,auto,706,706,,Projectile_Suppression_MMG,yes,BP_Projectile_7_62mm,MachineGuns/BP_L7A2,7.0,0.35,0.2553,0.1607,0.1158,1.75,,6.0,4.118,853,3.0,75,7,1,mag58
M240B,MMG,auto,706,706,,Projectile_Suppression_MMG,yes,BP_Projectile_7_62mm,MachineGuns/BP_M240,7.0,0.35,0.2553,0.1607,0.1158,1.75,,6.0,4.118,853,3.0,75,7,1,m240b
M240B + M145,MMG,auto,706,706,,Projectile_Suppression_MMG,yes,BP_Projectile_7_62mm,MachineGuns/BP_M240_M145,7.0,0.35,0.2553,0.1607,0.1158,1.75,,6.0,4.118,853,3.0,75,7,1,m240b_m145
M240G + MGO,MMG,auto,706,706,,Projectile_Suppression_MMG,yes,BP_Projectile_7_62mm,MachineGuns/BP_M240_MGO,7.0,0.35,0.2553,0.1607,0.1158,1.75,,6.0,4.118,783,3.0,75,7,1,m240g_mgo
MAG 58,MMG,auto,706,706,,Projectile_Suppression_MMG,yes,BP_Projectile_7_62mm,MachineGuns/BP_Mag58,7.0,0.35,0.2553,0.1607,0.1158,1.75,,6.0,4.118,853,3.0,75,7,1,mag58
Maximi + ET552,MMG,auto,698,698,,Projectile_Suppression_MMG,yes,BP_Projectile_7_62mm,MachineGuns/BP_Maximi_ET552,7.0,0.35,0.2553,0.1607,0.1158,1.75,,6.0,4.072,853,6.0,100,7,1,T_MaximiEotech
Maximi + Foregrip,MMG,auto,698,698,,Projectile_Suppression_MMG,yes,BP_Projectile_7_62mm,MachineGuns/BP_Maximi,7.0,0.35,0.2553,0.1607,0.1158,1.75,,6.0,4.072,853,6.0,100,7,1,T_Maximi
Maximi + Specter,MMG,auto,698,698,,Projectile_Suppression_MMG,yes,BP_Projectile_7_62mm,MachineGuns/BP_Maximi_Specter,7.0,0.35,0.2553,0.1607,0.1158,1.75,,6.0,4.072,970,6.0,100,7,1,T_MaximiSpecter
MG3,MMG,auto,1101,1101,,Projectile_Suppression_MMG,yes,BP_Projectile_7_62mm,MachineGuns/BP_MG3,7.0,0.35,0.2553,0.1607,0.1158,1.75,,6.0,6.422,820,5.0,120,7,2,mg3
MG3 + Specter,MMG,auto,1101,1101,,Projectile_Suppression_MMG,yes,BP_Projectile_7_62mm,MachineGuns/BP_MG3_Specter,7.0,0.35,0.2553,0.1607,0.1158,1.75,,6.0,6.422,820,5.0,120,7,1,mg3_elcan
PKM,MMG,auto,652,652,,Projectile_Suppression_MMG,yes,BP_Projectile_7_62mm,MachineGuns/BP_PKM,7.0,0.35,0.2553,0.1607,0.1158,1.75,,6.0,3.803,825,5.0,100,7,1,pkm
PKM + 1p29,MMG,auto,652,652,,Projectile_Suppression_MMG,yes,BP_Projectile_7_62mm,MachineGuns/BP_PKM_1P29,7.0,0.35,0.2553,0.1607,0.1158,1.75,,6.0,3.803,825,5.0,100,7,1,pkm_1p29
PKM + 1p29 + Tracer,MMG,auto,652,652,,Projectile_Suppression_MMG,yes,BP_Projectile_7_62mm,MachineGuns/BP_PKM_1P29_Tracer,7.0,0.35,0.2553,0.1607,0.1158,1.75,,6.0,3.803,825,5.0,100,7,1,pkm_1p29
PKM + M150,MMG,auto,652,652,,Projectile_Suppression_MMG,yes,BP_Projectile_7_62mm,MachineGuns/BP_PKM_M150,7.0,0.35,0.2553,0.1607,0.1158,1.75,,6.0,3.803,825,5.0,100,7,1,pkm_M150
PKM + TA31 + Tracer,MMG,auto,652,652,,Projectile_Suppression_MMG,yes,BP_Projectile_7_62mm,MachineGuns/BP_PKM_M150_Tracer,7.0,0.35,0.2553,0.1607,0.1158,1.75,,6.0,3.803,825,5.0,100,7,1,pkm_M150
PKP Pecheneg,MMG,auto,652,652,,Projectile_Suppression_MMG,yes,BP_Projectile_7_62mm,MachineGuns/BP_PKP,7.0,0.35,0.2553,0.1607,0.1158,1.75,,6.0,3.803,825,4.0,100,7,1,pkp
PKP Pecheneg + 1P78,MMG,auto,652,652,,Projectile_Suppression_MMG,yes,BP_Projectile_7_62mm,MachineGuns/BP_PKP_1P78,7.0,0.35,0.2553,0.1607,0.1158,1.75,,6.0,3.803,825,4.0,100,7,1,pkp_1p78
PMT-76,MMG,auto,857,857,,Projectile_Suppression_MMG,yes,BP_Projectile_7_62mm,MachineGuns/BP_PMT76,7.0,0.35,0.2553,0.1607,0.1158,1.75,,6.0,4.999,853,3.0,75,7,1,mag58
PMT-76 + A940,MMG,auto,857,857,,Projectile_Suppression_MMG,yes,BP_Projectile_7_62mm,MachineGuns/BP_PMT76_A940,7.0,0.35,0.2553,0.1607,0.1158,1.75,,6.0,4.999,853,3.0,75,7,1,T_pmt76_a940
QJY-201,MMG,auto,706,706,,Projectile_Suppression_MMG,yes,BP_Projectile_7_62mm,MachineGuns/QJY-201/BP_QJY-201_Parent,7.0,0.35,0.2553,0.1607,0.1158,1.75,,6.0,4.118,930,2.5,100,7,2,QJY201
QJY-201 + QMK-203,MMG,auto,706,706,,Projectile_Suppression_MMG,yes,BP_Projectile_7_62mm,MachineGuns/QJY-201/BP_QJY-201_Optics,7.0,0.35,0.2553,0.1607,0.1158,1.75,,6.0,4.118,930,2.5,100,7,1,QJY201_Optic
QJY-88,MMG,auto,652,652,,Projectile_Suppression_MMG,yes,BP_Projectile_7_62mm,MachineGuns/BP_QJY-88,7.0,0.35,0.2553,0.1607,0.1158,1.75,,6.0,3.803,853,3.0,100,7,1,qjy88
QJY-88 + YMA95,MMG,auto,652,652,,Projectile_Suppression_MMG,yes,BP_Projectile_7_62mm,MachineGuns/BP_QJY-88_Optic,7.0,0.35,0.2553,0.1607,0.1158,1.75,,6.0,3.803,853,3.0,100,7,1,qjy88_scope
AK-40GL Smoke (Blue),No suppression,semi,750,750,,Projectile_SuppressionNone,no,BP_40MM_Smoke_Blue_Proj2,GrenadeLaunchers/MPT76AK40_UGL/BP_MPT76_AK40GL_UGL_Smoke_Blue,,,,,,,,,,70,30.0,1,,2,T_ak40gl_bluesmoke
AK-40GL Smoke (Red),No suppression,semi,750,750,,Projectile_SuppressionNone,no,BP_40MM_Smoke_Red_Proj2,GrenadeLaunchers/MPT76AK40_UGL/BP_MPT76_AK40GL_UGL_Smoke_Red,,,,,,,,,,70,30.0,1,,2,T_ak40gl_redsmoke
AK-40GL Smoke (White),No suppression,semi,750,750,,Projectile_SuppressionNone,no,BP_40MM_Smoke_Proj2,GrenadeLaunchers/MPT76AK40_UGL/BP_MPT76_AK40GL_UGL_Smoke,,,,,,,,,,70,30.0,1,,2,T_ak40gl_whitesmoke
GP-25 Smoke (Blue),No suppression,semi,652,652,,Projectile_SuppressionNone,no,BP_40MM_VOG_Smoke_Blue_Proj2,GrenadeLaunchers/AKMGP25_UGL/BP_AKMGP25_UGL_Smoke_Blue,,,,,,,,,,76,40.0,1,,10,gp25_bluesmoke
GP-25 Smoke (Red),No suppression,semi,652,652,,Projectile_SuppressionNone,no,BP_40MM_VOG_Smoke_Red_Proj2,GrenadeLaunchers/AKMGP25_UGL/BP_AKMGP25_UGL_Smoke_Red,,,,,,,,,,76,40.0,1,,10,gp25_redsmoke
GP-25 Smoke (White),No suppression,semi,652,652,,Projectile_SuppressionNone,no,BP_40MM_VOG_Smoke_Proj2,GrenadeLaunchers/AKMGP25_UGL/BP_AKMGP25_UGL_Smoke,,,,,,,,,,76,40.0,1,,13,gp25_whitesmoke
GP-25 Smoke Marker Blue,No suppression,semi,652,652,,Projectile_SuppressionNone,no,BP_40MM_VOG_Smoke_Blue_Proj2,GrenadeLaunchers/AK74GP25_UGL/BP_AK74GP25_1P78_UGL_Smoke_Blue,,,,,,,,,,76,40.0,1,,1,gp25_bluesmoke
GP-25 Smoke Marker Red,No suppression,semi,652,652,,Projectile_SuppressionNone,no,BP_40MM_VOG_Smoke_Red_Proj2,GrenadeLaunchers/AK74GP25_UGL/BP_AK74GP25_1P78_UGL_Smoke_Red,,,,,,,,,,76,40.0,1,,1,gp25_redsmoke
GP-25 Smoke Marker White,No suppression,semi,652,652,,Projectile_SuppressionNone,no,BP_40MM_VOG_Smoke_Proj2,GrenadeLaunchers/AK12GP25_UGL/BP_AK12GP25_UGL_Smoke,,,,,,,,,,76,40.0,1,,2,gp25_whitesmoke
HK79 Smoke (Blue),No suppression,semi,750,750,,Projectile_SuppressionNone,no,BP_40MM_Smoke_Blue_Proj2,GrenadeLaunchers/G3A3HK79_UGL/BP_G3A3HK79_Optic_UGL_Smoke_Blue,,,,,,,,,,76,30.0,1,10,1,hk79_gl_bluesmoke
HK79 Smoke (Red),No suppression,semi,750,750,,Projectile_SuppressionNone,no,BP_40MM_Smoke_Red_Proj2,GrenadeLaunchers/G3A3HK79_UGL/BP_G3A3HK79_Optic_UGL_Smoke_Red,,,,,,,,,,76,30.0,1,10,1,hk79_gl_redsmoke
HK79 Smoke (White),No suppression,semi,750,750,,Projectile_SuppressionNone,no,BP_40MM_Smoke_Proj2,GrenadeLaunchers/G3A3HK79_UGL/BP_G3A3HK79_Optic_UGL_Smoke,,,,,,,,,,76,30.0,1,10,1,hk79_gl_whitesmoke
HK79 Smoke Marker Blue,No suppression,semi,750,750,,Projectile_SuppressionNone,no,BP_40MM_Smoke_Blue_Proj2,GrenadeLaunchers/G3A3HK79_UGL/BP_G3A3HK79_UGL_Smoke_Blue,,,,,,,,,,76,30.0,1,10,1,hk79_gl_bluesmoke
HK79 Smoke Marker Red,No suppression,semi,750,750,,Projectile_SuppressionNone,no,BP_40MM_Smoke_Red_Proj2,GrenadeLaunchers/G3A3HK79_UGL/BP_G3A3HK79_UGL_Smoke_Red,,,,,,,,,,76,30.0,1,10,1,hk79_gl_redsmoke
HK79 Smoke Marker White,No suppression,semi,750,750,,Projectile_SuppressionNone,no,BP_40MM_Smoke_Proj2,GrenadeLaunchers/G3A3HK79_UGL/BP_G3A3HK79_UGL_Smoke,,,,,,,,,,76,30.0,1,10,1,hk79_gl_whitesmoke
L123A2 Smoke (Blue),No suppression,semi,750,750,,Projectile_SuppressionNone,no,BP_40MM_Smoke_Blue_Proj2,GrenadeLaunchers/L85A2AG36_UGL/BP_L85A2AG36_LDS_UGL_Smoke_Blue,,,,,,,,,,76,30.0,1,,2,ag36_bluesmoke
L123A2 Smoke (Red),No suppression,semi,750,750,,Projectile_SuppressionNone,no,BP_40MM_Smoke_Red_Proj2,GrenadeLaunchers/L85A2AG36_UGL/BP_L85A2AG36_LDS_UGL_Smoke_Red,,,,,,,,,,76,30.0,1,,2,ag36_redsmoke
L123A2 Smoke (White),No suppression,semi,750,750,,Projectile_SuppressionNone,no,BP_40MM_Smoke_Proj2,GrenadeLaunchers/L85A2AG36_UGL/BP_L85A2AG36_LDS_UGL_Smoke,,,,,,,,,,76,30.0,1,,2,ag36_whitesmoke
L123A2 Smoke Marker Blue,No suppression,semi,750,750,,Projectile_SuppressionNone,no,BP_40MM_Smoke_Blue_Proj2,GrenadeLaunchers/L85A2AG36_UGL/BP_L85A2AG36_UGL_Smoke_Blue,,,,,,,,,,76,30.0,1,,5,ag36_bluesmoke
L123A2 Smoke Marker Red,No suppression,semi,750,750,,Projectile_SuppressionNone,no,BP_40MM_Smoke_Red_Proj2,GrenadeLaunchers/L85A2AG36_UGL/BP_L85A2AG36_UGL_Smoke_Red,,,,,,,,,,76,30.0,1,,5,ag36_redsmoke
L123A2 Smoke Marker White,No suppression,semi,750,750,,Projectile_SuppressionNone,no,BP_40MM_Smoke_Proj2,GrenadeLaunchers/L85A2AG36_UGL/BP_L85A2AG36_UGL_Smoke,,,,,,,,,,76,30.0,1,,5,ag36_whitesmoke
M203 Smoke,No suppression,semi,750,750,,Projectile_SuppressionNone,no,BP_40MM_Smoke_Proj2,GrenadeLaunchers/M16A2M203_UGL/BP_M16A2M203_UGL_Smoke,,,,,,,,,,76,30.0,1,10,2,m203_gl_whitesmoke
M203 Smoke (Blue),No suppression,semi,750,750,,Projectile_SuppressionNone,no,BP_40MM_Smoke_Blue_Proj2,GrenadeLaunchers/M4M203_UGL/BP_M4M203_UGL_Smoke_Blue,,,,,,,,,,76,30.0,1,10,3,m203_gl_bluesmoke
M203 Smoke (Red),No suppression,semi,750,750,,Projectile_SuppressionNone,no,BP_40MM_Smoke_Red_Proj2,GrenadeLaunchers/M4M203_UGL/BP_M4M203_UGL_Smoke_Red,,,,,,,,,,76,30.0,1,10,3,m203_gl_redsmoke
M203 Smoke (White),No suppression,semi,750,750,,Projectile_SuppressionNone,no,BP_40MM_Smoke_Proj2,GrenadeLaunchers/M4M203_UGL/BP_M4M203_UGL_Smoke,,,,,,,,,,76,30.0,1,10,3,m203_gl_whitesmoke
M203 Smoke Blue,No suppression,semi,750,750,,Projectile_SuppressionNone,no,BP_40MM_Smoke_Blue_Proj2,GrenadeLaunchers/M16A2M203_UGL/BP_M16A2M203_UGL_Smoke_Blue,,,,,,,,,,76,30.0,1,10,2,m203_gl_bluesmoke
M203 Smoke Marker Blue,No suppression,semi,750,750,,Projectile_SuppressionNone,no,BP_40MM_Smoke_Blue_Proj2,GrenadeLaunchers/M4M203_UGL/BP_M4M203_M68_UGL_Smoke_Blue,,,,,,,,,,76,30.0,1,,4,m203_gl_bluesmoke
M203 Smoke Marker Red,No suppression,semi,750,750,,Projectile_SuppressionNone,no,BP_40MM_Smoke_Red_Proj2,GrenadeLaunchers/M4M203_UGL/BP_M4M203_M68_UGL_Smoke_Red,,,,,,,,,,76,30.0,1,,4,m203_gl_redsmoke
M203 Smoke Marker White,No suppression,semi,750,750,,Projectile_SuppressionNone,no,BP_40MM_Smoke_Proj2,GrenadeLaunchers/M4M203_UGL/BP_M4M203_M68_UGL_Smoke,,,,,,,,,,76,30.0,1,,4,m203_gl_whitesmoke
M203 Smoke Red,No suppression,semi,750,750,,Projectile_SuppressionNone,no,BP_40MM_Smoke_Red_Proj2,GrenadeLaunchers/M16A2M203_UGL/BP_M16A2M203_UGL_Smoke_Red,,,,,,,,,,76,30.0,1,10,2,m203_gl_redsmoke
M203A1 Smoke (Blue),No suppression,semi,750,750,,Projectile_SuppressionNone,no,BP_40MM_Smoke_Blue_Proj2,GrenadeLaunchers/C8A3_M203_UGL/BP_C8A3_M203_ET_UGL_Smoke_Blue,,,,,,,,,,76,30.0,1,,3,m203_gl_bluesmoke
M203A1 Smoke (Red),No suppression,semi,750,750,,Projectile_SuppressionNone,no,BP_40MM_Smoke_Red_Proj2,GrenadeLaunchers/C8A3_M203_UGL/BP_C8A3_M203_ET_UGL_Smoke_Red,,,,,,,,,,76,30.0,1,,3,m203_gl_redsmoke
M203A1 Smoke (White),No suppression,semi,750,750,,Projectile_SuppressionNone,no,BP_40MM_Smoke_Proj2,GrenadeLaunchers/C8A3_M203_UGL/BP_C8A3_M203_ET_UGL_Smoke,,,,,,,,,,76,30.0,1,,3,m203_gl_whitesmoke
M203A1 Smoke Marker Blue,No suppression,semi,750,750,,Projectile_SuppressionNone,no,BP_40MM_Smoke_Blue_Proj2,GrenadeLaunchers/C7A2_M203A1_UGL/BP_C7A2_M203A1_ET_UGL_Smoke_Blue,,,,,,,,,,76,35.0,1,20,1,m203_gl_bluesmoke
M203A1 Smoke Marker Red,No suppression,semi,750,750,,Projectile_SuppressionNone,no,BP_40MM_Smoke_Red_Proj2,GrenadeLaunchers/C7A2_M203A1_UGL/BP_C7A2_M203A1_ET_UGL_Smoke_Red,,,,,,,,,,76,35.0,1,20,1,m203_gl_redsmoke
M203A1 Smoke Marker White,No suppression,semi,750,750,,Projectile_SuppressionNone,no,BP_40MM_Smoke_Proj2,GrenadeLaunchers/C7A2_M203A1_UGL/BP_C7A2_M203A1_ET_UGL_Smoke,,,,,,,,,,76,35.0,1,20,1,m203_gl_whitesmoke
M320 Smoke (White),No suppression,semi,750,750,,Projectile_SuppressionNone,no,BP_40MM_Smoke_Proj2,GrenadeLaunchers/M320/BP_M320_Smoke_White,,,,,,,,,,76,30.0,1,,1,T_m320_whitesmoke
MKE MGL White (Smoke),No suppression,semi,120,120,,Projectile_SuppressionNone,no,BP_40MM_Smoke_Proj2,GrenadeLaunchers/MGL_GL/BP_MGL_Smoke,,,,,,,,,,75,30.0,6,,1,T_mgl_whitesmoke
QLG-10 Smoke (Blue),No suppression,semi,652,652,,Projectile_SuppressionNone,no,BP_40MM_VOG_Smoke_Blue_Proj2,GrenadeLaunchers/QBZ-95-1_QLG-10_UGL/BP_QBZ95-1_QLG-10_UGL_Smoke_Blue,,,,,,,,,,78,40.0,1,,2,qlg10_bluesmoke
QLG-10 Smoke (Red),No suppression,semi,652,652,,Projectile_SuppressionNone,no,BP_40MM_VOG_Smoke_Red_Proj2,GrenadeLaunchers/QBZ-95-1_QLG-10_UGL/BP_QBZ95-1_QLG-10_UGL_Smoke_Red,,,,,,,,,,78,40.0,1,,2,qlg10_redsmoke
QLG-10 Smoke (White),No suppression,semi,652,652,,Projectile_SuppressionNone,no,BP_40MM_VOG_Smoke_Proj2,GrenadeLaunchers/QBZ-95-1_QLG-10_UGL/BP_QBZ95-1_QLG-10_UGL_Smoke,,,,,,,,,,78,40.0,1,,2,qlg10_whitesmoke
SL40 Smoke (Blue),No suppression,semi,750,750,,Projectile_SuppressionNone,no,BP_40MM_Smoke_Blue_Proj2,GrenadeLaunchers/EF88SL40_UGL/BP_EF88_SL40_UGL_Smoke_Blue,,,,,,,,,,76,30.0,1,,1,T_sl40_gl_bluesmoke
SL40 Smoke (Red),No suppression,semi,750,750,,Projectile_SuppressionNone,no,BP_40MM_Smoke_Red_Proj2,GrenadeLaunchers/EF88SL40_UGL/BP_EF88_SL40_UGL_Smoke_Red,,,,,,,,,,76,30.0,1,,1,T_sl40_gl_redsmoke
SL40 Smoke (White),No suppression,semi,750,750,,Projectile_SuppressionNone,no,BP_40MM_Smoke_Proj2,GrenadeLaunchers/EF88SL40_UGL/BP_EF88_SL40_UGL_Smoke,,,,,,,,,,76,30.0,1,,1,T_sl40_gl_whitesmoke
AK-101 PushCo + EXPS,Rifle,auto,706,706,,Projectile_SuppressionInfo_Rifle,yes,BP_Projectile,Rifles/AK101_PushCo/BP_AK101_PushCO_EXPS,5.0,0.125,0.0983,0.0675,0.0337,1.15,1.125,10.0,1.471,910,4.0,,5,2,T_AK101_HNA
AK-101 PushCo + Foregrip,Rifle,auto,706,706,,Projectile_SuppressionInfo_Rifle,yes,BP_Projectile,Rifles/AK101_PushCo/BP_AK101_PushCO_Foregrip,5.0,0.125,0.0983,0.0675,0.0337,1.15,1.125,10.0,1.471,910,4.0,,5,1,T_AK101_Ironsights
AK-101 PushCo + T800 + Foregrip,Rifle,auto,706,706,,Projectile_SuppressionInfo_Rifle,yes,BP_Projectile,Rifles/AK101_PushCo/BP_AK101_PushCO_T800_Foregrip,5.0,0.125,0.0983,0.0675,0.0337,1.15,1.125,10.0,1.471,910,4.0,,5,1,T_AK101_T800_Foregrip
AK-101 PushCo + TA31,Rifle,auto,706,706,,Projectile_SuppressionInfo_Rifle,yes,BP_Projectile,Rifles/AK101_PushCo/BP_AK101_PushCO_M150,5.0,0.125,0.0983,0.0675,0.0337,1.15,1.125,10.0,1.471,910,4.0,,5,1,T_AK101_M150
AK-101 PushCo + TA31 + Foregrip,Rifle,auto,706,706,,Projectile_SuppressionInfo_Rifle,yes,BP_Projectile,Rifles/AK101_PushCo/BP_AK101_PushCO_M150_Foregrip,5.0,0.125,0.0983,0.0675,0.0337,1.15,1.125,10.0,1.471,910,4.0,,5,1,T_AK101_M150_Foregrip
AK-12,Rifle,auto,706,706,,Projectile_SuppressionInfo_Rifle,no,BP_Projectile,Rifles/BP_AK12,5.0,0.125,0.0983,0.0675,0.0337,1.15,1.125,10.0,1.471,880,4.0,,5,4,T_ak12
AK-12 + 1P78,Rifle,auto,706,706,,Projectile_SuppressionInfo_Rifle,no,BP_Projectile,Rifles/BP_AK12_1P78Picatinny,5.0,0.125,0.0983,0.0675,0.0337,1.15,1.125,10.0,1.471,880,4.0,,5,1,T_ak12_1p78
AK-12 + 1P78 + Foregrip,Rifle,auto,706,706,,Projectile_SuppressionInfo_Rifle,no,BP_Projectile,Rifles/BP_AK12_Foregrip_1P78Picatinny,5.0,0.125,0.0983,0.0675,0.0337,1.15,1.125,10.0,1.471,880,4.0,,5,1,T_ak12_foregrip_1p78
AK-12 + 1P87,Rifle,auto,706,706,,Projectile_SuppressionInfo_Rifle,no,BP_Projectile,Rifles/BP_AK12_Reddot,5.0,0.125,0.0983,0.0675,0.0337,1.15,1.125,10.0,1.471,880,4.0,,5,1,ak12_reddot
AK-12 + 1P87 + Foregrip,Rifle,auto,706,706,,Projectile_SuppressionInfo_Rifle,no,BP_Projectile,Rifles/BP_AK12_Foregrip_Reddot,5.0,0.125,0.0983,0.0675,0.0337,1.15,1.125,10.0,1.471,880,4.0,,5,1,T_ak12_foregrip_reddot
AK-12 + Foregrip,Rifle,auto,706,706,,Projectile_SuppressionInfo_Rifle,no,BP_Projectile,Rifles/BP_AK12_Foregrip,5.0,0.125,0.0983,0.0675,0.0337,1.15,1.125,10.0,1.471,880,4.0,,5,1,T_ak12_foregrip
AK-12 GP-25,Rifle,auto,706,706,,Projectile_SuppressionInfo_Rifle,no,BP_Projectile,Rifles/BP_AK12GP25_Rifle,5.0,0.125,0.0983,0.0675,0.0337,1.15,1.125,10.0,1.471,880,4.0,,5,1,T_ak12gp25
AK-12 GP-25 + 1P78,Rifle,auto,706,706,,Projectile_SuppressionInfo_Rifle,no,BP_Projectile,Rifles/BP_AK12GP25_Rifle_1P78Picatinny,5.0,0.125,0.0983,0.0675,0.0337,1.15,1.125,10.0,1.471,880,4.0,,5,1,T_ak12gp25_1p78
AK-12 GP-25 + 1P87,Rifle,auto,706,706,,Projectile_SuppressionInfo_Rifle,no,BP_Projectile,Rifles/BP_AK12GP25_Rifle_Reddot,5.0,0.125,0.0983,0.0675,0.0337,1.15,1.125,10.0,1.471,880,4.0,,5,1,T_ak12gp25_reddot
AK-74,Rifle,auto,652,652,,Projectile_SuppressionInfo_Rifle,no,BP_Projectile,Rifles/BP_AK74,5.0,0.125,0.0983,0.0675,0.0337,1.15,1.125,10.0,1.358,880,4.0,,5,4,ak74
AK-74 + EXPS,Rifle,auto,652,652,,Projectile_SuppressionInfo_Rifle,no,BP_Projectile,Rifles/BP_AK74_EXPS_Pro,5.0,0.125,0.0983,0.0675,0.0337,1.15,1.125,10.0,1.358,880,4.0,,5,1,ak74_exps
AK-74 + Extended Mag,Rifle,auto,652,652,,Projectile_SuppressionInfo_Rifle,no,BP_Projectile,Rifles/BP_AK74_45rnd,5.0,0.125,0.0983,0.0675,0.0337,1.15,1.125,10.0,1.358,880,4.0,45,5,1,ak74_45rnd
AK-74 + Foregrip + Extended Mag,Rifle,auto,652,652,,Projectile_SuppressionInfo_Rifle,no,BP_Projectile,Rifles/BP_AK74_45rnd_Foregrip,5.0,0.125,0.0983,0.0675,0.0337,1.15,1.125,10.0,1.358,880,4.0,45,5,1,ak74_45rnd_foregrip
AK-74 + Irons + Tracer,Rifle,auto,652,652,,Projectile_SuppressionInfo_Rifle,no,BP_Projectile,Rifles/BP_AK74_Tracer,5.0,0.125,0.0983,0.0675,0.0337,1.15,1.125,10.0,1.358,880,4.0,,5,1,ak74
AK-74 + M68 CCO,Rifle,auto,652,652,,Projectile_SuppressionInfo_Rifle,no,BP_Projectile,Rifles/BP_AK74_M68_Pro,5.0,0.125,0.0983,0.0675,0.0337,1.15,1.125,10.0,1.358,880,4.0,,5,1,ak74_m68
AK-74 + OKP-7,Rifle,auto,652,652,,Projectile_SuppressionInfo_Rifle,no,BP_Projectile,Rifles/BP_AK74_OKP7,5.0,0.125,0.0983,0.0675,0.0337,1.15,1.125,10.0,1.358,880,4.0,,5,2,ak74_okp7
AK-74 + Yoloson,Rifle,auto,652,652,,Projectile_SuppressionInfo_Rifle,no,BP_Projectile,Rifles/BP_AK74_Yoloson_Pro,5.0,0.125,0.0983,0.0675,0.0337,1.15,1.125,10.0,1.358,880,4.0,,5,1,ak74_Yoloson
AK-74 GP-25,Rifle,auto,652,652,,Projectile_SuppressionInfo_Rifle,no,BP_Projectile,Rifles/BP_AK74GP25_Rifle,5.0,0.125,0.0983,0.0675,0.0337,1.15,1.125,10.0,1.358,880,4.0,,5,2,ak74gp25
AK-74 GP-25 + 1P63,Rifle,auto,652,652,,Projectile_SuppressionInfo_Rifle,no,BP_Projectile,Rifles/BP_AK74GP25_Rifle_1P63,5.0,0.125,0.0983,0.0675,0.0337,1.15,1.125,10.0,1.358,880,4.0,,5,1,ak74mgp25_1p63
AK-74 GP-25 + 1P78,Rifle,auto,652,652,,Projectile_SuppressionInfo_Rifle,no,BP_Projectile,Rifles/BP_AK74GP25_Rifle_1P78,5.0,0.125,0.0983,0.0675,0.0337,1.15,1.125,10.0,1.358,880,4.0,,5,1,ak74mgp25_1p78
AK-74 GP-25 + EXPS,Rifle,auto,652,652,,Projectile_SuppressionInfo_Rifle,no,BP_Projectile,Rifles/BP_AK74GP25_Rifle_EXPS_Pro,5.0,0.125,0.0983,0.0675,0.0337,1.15,1.125,10.0,1.358,880,4.0,,5,1,ak74gp25_exps
AK-74M,Rifle,auto,652,652,,Projectile_SuppressionInfo_Rifle,no,BP_Projectile,Rifles/BP_AK74M,5.0,0.125,0.0983,0.0675,0.0337,1.15,1.125,10.0,1.358,880,4.0,,5,7,ak74m
AK-74M + 1P63,Rifle,auto,652,652,,Projectile_SuppressionInfo_Rifle,no,BP_Projectile,Rifles/BP_AK74M_1P63,5.0,0.125,0.0983,0.0675,0.0337,1.15,1.125,10.0,1.358,880,4.0,,5,2,ak74m_1p63
AK-74M + 1P63 + Tracer,Rifle,auto,652,652,,Projectile_SuppressionInfo_Rifle,no,BP_Projectile,Rifles/BP_AK74M_1P63_Tracer,5.0,0.125,0.0983,0.0675,0.0337,1.15,1.125,10.0,1.358,880,4.0,,5,2,ak74m_1p63
AK-74M + 1P78,Rifle,auto,652,652,,Projectile_SuppressionInfo_Rifle,no,BP_Projectile,Rifles/BP_AK74M_1P78,5.0,0.125,0.0983,0.0675,0.0337,1.15,1.125,10.0,1.358,880,4.0,,5,4,ak74m_1p78
AK-74M + 1P78 + Tracer,Rifle,auto,652,652,,Projectile_SuppressionInfo_Rifle,no,BP_Projectile,Rifles/BP_AK74M_1P78_Tracer,5.0,0.125,0.0983,0.0675,0.0337,1.15,1.125,10.0,1.358,880,4.0,,5,3,ak74m_1p78
AK-74M + Irons + Tracer,Rifle,auto,652,652,,Projectile_SuppressionInfo_Rifle,no,BP_Projectile,Rifles/BP_AK74M_Tracer,5.0,0.125,0.0983,0.0675,0.0337,1.15,1.125,10.0,1.358,880,4.0,,5,2,ak74m
AK-74M + OKP-7,Rifle,auto,652,652,,Projectile_SuppressionInfo_Rifle,no,BP_Projectile,Rifles/BP_AK74M_OKP7,5.0,0.125,0.0983,0.0675,0.0337,1.15,1.125,10.0,1.358,880,4.0,,5,1,ak74m_okp7
AK-74M GP-25,Rifle,auto,652,652,,Projectile_SuppressionInfo_Rifle,no,BP_Projectile,Rifles/BP_AK74MGP25_Rifle,5.0,0.125,0.0983,0.0675,0.0337,1.15,1.125,10.0,1.358,880,4.0,,5,2,ak74gp25
AK-74M GP-25 + 1P63,Rifle,auto,652,652,,Projectile_SuppressionInfo_Rifle,no,BP_Projectile,Rifles/BP_AK74MGP25_Rifle_1P63,5.0,0.125,0.0983,0.0675,0.0337,1.15,1.125,10.0,1.358,880,4.0,,5,2,ak74mgp25_1p63
AK-74M GP-25 + 1P78,Rifle,auto,652,652,,Projectile_SuppressionInfo_Rifle,no,BP_Projectile,Rifles/BP_AK74MGP25_Rifle_1P78,5.0,0.125,0.0983,0.0675,0.0337,1.15,1.125,10.0,1.358,880,4.0,,5,2,ak74mgp25_1p78
AK101 PushCo,Rifle,auto,706,706,,Projectile_SuppressionInfo_Rifle,yes,BP_Projectile,Rifles/AK101_PushCo/BP_AK101_PushCO_Parent,5.0,0.125,0.0983,0.0675,0.0337,1.15,1.125,10.0,1.471,910,4.0,,5,1,T_AK101_Ironsights
AKM,Rifle,auto,600,600,,Projectile_SuppressionInfo_Rifle,yes,BP_Projectile_7_62mm,Rifles/BP_AKM,5.0,0.125,0.0983,0.0675,0.0337,1.15,1.125,10.0,1.25,715,4.0,,5,3,akm
AKM + Drum Mag,Rifle,auto,600,600,,Projectile_SuppressionInfo_Rifle,yes,BP_Projectile_7_62mm,Rifles/BP_AKM_Drummag,5.0,0.125,0.0983,0.0675,0.0337,1.15,1.125,10.0,1.25,715,4.0,75,5,1,akm_drummag
AKM GP-25,Rifle,auto,600,600,,Projectile_SuppressionInfo_Rifle,yes,BP_Projectile_7_62mm,Rifles/BP_AKMGP25_Rifle,5.0,0.125,0.0983,0.0675,0.0337,1.15,1.125,10.0,1.25,715,4.0,,5,1,akmgp25
AKMS,Rifle,auto,600,600,,Projectile_SuppressionInfo_Rifle,yes,BP_Projectile_7_62mm,Rifles/BP_AKMS,5.0,0.125,0.0983,0.0675,0.0337,1.15,1.125,10.0,1.25,715,4.0,,5,3,akms
AKS-74,Rifle,auto,652,652,,Projectile_SuppressionInfo_Rifle,no,BP_Projectile,Rifles/BP_AKS74,5.0,0.125,0.0983,0.0675,0.0337,1.15,1.125,10.0,1.358,880,4.0,,5,5,aks74
AKS-74 + 1P29,Rifle,auto,652,652,,Projectile_SuppressionInfo_Rifle,no,BP_Projectile,Rifles/BP_AKS74_1P29,5.0,0.125,0.0983,0.0675,0.0337,1.15,1.125,10.0,1.358,880,4.0,,5,1,aks74_1p29
AKS-74 + 1P29 + Tracer,Rifle,auto,652,652,,Projectile_SuppressionInfo_Rifle,no,BP_Projectile,Rifles/BP_AKS74_1P29_Tracer,5.0,0.125,0.0983,0.0675,0.0337,1.15,1.125,10.0,1.358,880,4.0,,5,1,aks74_1p29
AKS-74 + 1P63,Rifle,auto,652,652,,Projectile_SuppressionInfo_Rifle,no,BP_Projectile,Rifles/BP_AKS74_1P63,5.0,0.125,0.0983,0.0675,0.0337,1.15,1.125,10.0,1.358,880,4.0,,5,2,aks74_1p63
AKS-74 + 1P78,Rifle,auto,652,652,,Projectile_SuppressionInfo_Rifle,no,BP_Projectile,Rifles/BP_AKS74_1P78,5.0,0.125,0.0983,0.0675,0.0337,1.15,1.125,10.0,1.358,880,4.0,,5,1,aks74m_1p78
AKS-74 + OKP-7,Rifle,auto,652,652,,Projectile_SuppressionInfo_Rifle,no,BP_Projectile,Rifles/BP_AKS74_OKP7,5.0,0.125,0.0983,0.0675,0.0337,1.15,1.125,10.0,1.358,880,4.0,,5,2,aks74_okp7
AKS-74 + PGO7,Rifle,auto,652,652,,Projectile_SuppressionInfo_Rifle,no,BP_Projectile,Rifles/BP_AKS74_PGO7,5.0,0.125,0.0983,0.0675,0.0337,1.15,1.125,10.0,1.358,880,4.0,,5,1,aks74_1p29
AKS-74 + PSO-1,Rifle,auto,652,652,,Projectile_SuppressionInfo_Rifle,no,BP_Projectile,Rifles/BP_AKS74_PSO-1_Pro,5.0,0.125,0.0983,0.0675,0.0337,1.15,1.125,10.0,1.358,880,4.0,,5,1,aks74_PSO1
AKS-74M,Rifle,auto,652,652,,Projectile_SuppressionInfo_Rifle,no,BP_Projectile,Rifles/BP_AKS74M,5.0,0.125,0.0983,0.0675,0.0337,1.15,1.125,10.0,1.358,880,4.0,,5,1,aks74m
AKS-74U,Rifle,auto,706,706,,Projectile_SuppressionInfo_Rifle,no,BP_Projectile,Rifles/BP_AKS74U,5.0,0.125,0.0983,0.0675,0.0337,1.15,1.125,10.0,1.471,735,5.0,,5,4,aks74u
AKS-74U + Extended Mag,Rifle,auto,706,706,,Projectile_SuppressionInfo_Rifle,no,BP_Projectile,Rifles/BP_AKS74U_45Rnd,5.0,0.125,0.0983,0.0675,0.0337,1.15,1.125,10.0,1.471,735,5.0,45,5,2,aks74u_45rnd
AKS-74U + OKP-7,Rifle,auto,706,706,,Projectile_SuppressionInfo_Rifle,no,BP_Projectile,Rifles/BP_AKS74U_OKP7,5.0,0.125,0.0983,0.0675,0.0337,1.15,1.125,10.0,1.471,735,5.0,,5,1,aks74u_okp7
AKS-74U + Yoloson,Rifle,auto,706,706,,Projectile_SuppressionInfo_Rifle,no,BP_Projectile,Rifles/BP_AKS74U_Yoloson,5.0,0.125,0.0983,0.0675,0.0337,1.15,1.125,10.0,1.471,735,5.0,,5,1,aks74u_Yoloson
AMD-65,Rifle,auto,600,600,,Projectile_SuppressionInfo_Rifle,yes,BP_Projectile_7_62mm,Rifles/BP_AMD65,5.0,0.125,0.0983,0.0675,0.0337,1.15,1.125,10.0,1.25,715,4.0,,5,1,amd65
AR15,Rifle,semi,833,833,,Projectile_SuppressionInfo_Rifle,no,BP_Projectile,Rifles/BP_M16A2_Semi,5.0,0.125,0.0983,0.0675,0.0337,1.15,1.125,10.0,1.735,880,3.0,,5,3,T_M16A2
AR15 + 3x20 Optic,Rifle,semi,833,833,,Projectile_SuppressionInfo_Rifle,no,BP_Projectile,Rifles/BP_M16A2_Optic_Semi,5.0,0.125,0.0983,0.0675,0.0337,1.15,1.125,10.0,1.735,880,3.0,,5,1,T_M16A2_3x20
AR15 + M68,Rifle,semi,833,833,,Projectile_SuppressionInfo_Rifle,no,BP_Projectile,Rifles/BP_M4_Classic_M68_Semi,5.0,0.125,0.0983,0.0675,0.0337,1.15,1.125,10.0,1.735,880,3.0,,5,1,M4_Classic_M68
AR15 Wormpool + M150 + Foregrip,Rifle,semi,833,833,,Projectile_SuppressionInfo_Rifle,no,BP_Projectile,Rifles/M4_Wormpool/BP_M4_Wormpool_M150_Semi,5.0,0.125,0.0983,0.0675,0.0337,1.15,1.125,10.0,1.735,880,8.0,,5,2,T_M4_Wormpool_M150_Foregrip
AR15 Wormpool + T800,Rifle,semi,833,833,,Projectile_SuppressionInfo_Rifle,no,BP_Projectile,Rifles/M4_Wormpool/BP_M4_Wormpool_T800_Semi,5.0,0.125,0.0983,0.0675,0.0337,1.15,1.125,10.0,1.735,880,3.0,,5,1,T_M4_Wormpool_T800
AUG,Rifle,semi,833,833,,Projectile_SuppressionInfo_Rifle,no,BP_Projectile,Rifles/BP_AUG,5.0,0.125,0.0983,0.0675,0.0337,1.15,1.125,10.0,1.735,970,3.0,,5,3,F88
C7A2,Rifle,auto,833,833,,Projectile_SuppressionInfo_Rifle,no,BP_Projectile,Rifles/BP_C7A2_1mag,5.0,0.125,0.0983,0.0675,0.0337,1.15,1.125,10.0,1.735,880,3.0,,5,2,c7a2_irons
C7A2 + C79A2,Rifle,auto,833,833,,Projectile_SuppressionInfo_Rifle,no,BP_Projectile,Rifles/BP_C7A2_C79A2,5.0,0.125,0.0983,0.0675,0.0337,1.15,1.125,10.0,1.735,880,3.0,,5,2,c7a2_standard
C7A2 + C79A2 + Foregrip,Rifle,auto,833,833,,Projectile_SuppressionInfo_Rifle,no,BP_Projectile,Rifles/BP_C7A2_C79A2_Foregrip,5.0,0.125,0.0983,0.0675,0.0337,1.15,1.125,10.0,1.735,880,3.0,,5,1,c7a2_c79a2_foregrip
C7A2 + C79A2 + Foregrip + Tracer,Rifle,auto,833,833,,Projectile_SuppressionInfo_Rifle,no,BP_Projectile,Rifles/BP_C7A2_C79A2_Foregrip_Tracer,5.0,0.125,0.0983,0.0675,0.0337,1.15,1.125,10.0,1.735,880,3.0,,5,1,c7a2_c79a2_foregrip
C7A2 + C79A2 + Tracer,Rifle,auto,833,833,,Projectile_SuppressionInfo_Rifle,no,BP_Projectile,Rifles/BP_C7A2_C79A2_Tracer,5.0,0.125,0.0983,0.0675,0.0337,1.15,1.125,10.0,1.735,880,3.0,,5,1,c7a2_standard
C7A2 + ET552,Rifle,auto,833,833,,Projectile_SuppressionInfo_Rifle,no,BP_Projectile,Rifles/BP_C7A2_ET552,5.0,0.125,0.0983,0.0675,0.0337,1.15,1.125,10.0,1.735,880,3.0,,5,1,c7a2_eotech
C7A2 + ET552 + Foregrip,Rifle,auto,833,833,,Projectile_SuppressionInfo_Rifle,no,BP_Projectile,Rifles/BP_C7A2_ET552_Foregrip,5.0,0.125,0.0983,0.0675,0.0337,1.15,1.125,10.0,1.735,880,3.0,,5,1,c7a2_eotech_foregrip
C7A2 + Foregrip,Rifle,auto,833,833,,Projectile_SuppressionInfo_Rifle,no,BP_Projectile,Rifles/BP_C7A2_Ironsights_Foregrip,5.0,0.125,0.0983,0.0675,0.0337,1.15,1.125,10.0,1.735,880,3.0,,5,1,c7a2_irons_foregrip
C7A2 M203A1 + C79A2,Rifle,auto,833,833,,Projectile_SuppressionInfo_Rifle,no,BP_Projectile,Rifles/BP_C7A2_C79A2_M203A1,5.0,0.125,0.0983,0.0675,0.0337,1.15,1.125,10.0,1.735,880,3.0,,5,1,C7A2_c79a2_m203a1
C7A2 M203A1 + ET,Rifle,auto,833,833,,Projectile_SuppressionInfo_Rifle,no,BP_Projectile,Rifles/BP_C7A2_ET552_M203A1,5.0,0.125,0.0983,0.0675,0.0337,1.15,1.125,10.0,1.735,880,3.0,,5,1,C7A2_eotech_m203a1
C8A3,Rifle,auto,833,833,,Projectile_SuppressionInfo_Rifle,no,BP_Projectile,Rifles/BP_C8A3_Ironsights,5.0,0.125,0.0983,0.0675,0.0337,1.15,1.125,10.0,1.735,880,3.0,,5,2,C8A3_Ironsight
C8A3 + C79A2,Rifle,auto,833,833,,Projectile_SuppressionInfo_Rifle,no,BP_Projectile,Rifles/BP_C8A3_C79A2,5.0,0.125,0.0983,0.0675,0.0337,1.15,1.125,10.0,1.735,880,3.0,,5,2,C8A3C79A2
C8A3 + C79A2 + Foregrip,Rifle,auto,833,833,,Projectile_SuppressionInfo_Rifle,no,BP_Projectile,Rifles/BP_C8A3_C79A2_Foregrip,5.0,0.125,0.0983,0.0675,0.0337,1.15,1.125,10.0,1.735,880,3.0,,5,1,C8A3C79A2_Foregrip
C8A3 + C79A2 + Foregrip + Tracer,Rifle,auto,833,833,,Projectile_SuppressionInfo_Rifle,no,BP_Projectile,Rifles/BP_C8A3_C79A2_Foregrip_Tracer,5.0,0.125,0.0983,0.0675,0.0337,1.15,1.125,10.0,1.735,880,3.0,,5,1,C8A3C79A2_Foregrip
C8A3 + C79A2 + Tracer,Rifle,auto,833,833,,Projectile_SuppressionInfo_Rifle,no,BP_Projectile,Rifles/BP_C8A3_C79A2_Tracer,5.0,0.125,0.0983,0.0675,0.0337,1.15,1.125,10.0,1.735,880,3.0,,5,1,C8A3C79A2
C8A3 + ET552,Rifle,auto,833,833,,Projectile_SuppressionInfo_Rifle,no,BP_Projectile,Rifles/BP_C8A3_ET552,5.0,0.125,0.0983,0.0675,0.0337,1.15,1.125,10.0,1.735,880,3.0,,5,3,C8A3EoTech
C8A3 + ET552 + Foregrip,Rifle,auto,833,833,,Projectile_SuppressionInfo_Rifle,no,BP_Projectile,Rifles/BP_C8A3_ET552_Foregrip,5.0,0.125,0.0983,0.0675,0.0337,1.15,1.125,10.0,1.735,880,3.0,,5,1,C8A3_Eotech_Foregrip
C8A3 + ET552 + Foregrip + Tracer,Rifle,auto,833,833,,Projectile_SuppressionInfo_Rifle,no,BP_Projectile,Rifles/BP_C8A3_ET552_Foregrip_Tracer,5.0,0.125,0.0983,0.0675,0.0337,1.15,1.125,10.0,1.735,880,3.0,,5,1,C8A3_Eotech_Foregrip
C8A3 + ET552 + Tracer,Rifle,auto,833,833,,Projectile_SuppressionInfo_Rifle,no,BP_Projectile,Rifles/BP_C8A3_ET552_Tracer,5.0,0.125,0.0983,0.0675,0.0337,1.15,1.125,10.0,1.735,880,3.0,,5,1,C8A3EoTech
C8A3 + Foregrip,Rifle,auto,833,833,,Projectile_SuppressionInfo_Rifle,no,BP_Projectile,Rifles/BP_C8A3_Ironsights_Foregrip,5.0,0.125,0.0983,0.0675,0.0337,1.15,1.125,10.0,1.735,880,3.0,,5,1,C8A3_Ironsight_Foregrip
C8A3 + Irons + Foregrip + Tracer,Rifle,auto,833,833,,Projectile_SuppressionInfo_Rifle,no,BP_Projectile,Rifles/BP_C8A3_Ironsights_Foregrip_Tracer,5.0,0.125,0.0983,0.0675,0.0337,1.15,1.125,10.0,1.735,880,3.0,,5,1,C8A3_Ironsight_Foregrip
C8A3 + Tracer,Rifle,auto,833,833,,Projectile_SuppressionInfo_Rifle,no,BP_Projectile,Rifles/BP_C8A3_Ironsights_Tracer_2mags,5.0,0.125,0.0983,0.0675,0.0337,1.15,1.125,10.0,1.735,880,3.0,,5,1,C8A3_Ironsight
C8A3 M203A1 + C79A2,Rifle,auto,833,833,,Projectile_SuppressionInfo_Rifle,no,BP_Projectile,Rifles/BP_C8A3_C79A2_M203,5.0,0.125,0.0983,0.0675,0.0337,1.15,1.125,10.0,1.735,880,3.0,,5,1,C8A3M203C79A2
C8A3 M203A1 + ET552,Rifle,auto,833,833,,Projectile_SuppressionInfo_Rifle,no,BP_Projectile,Rifles/BP_C8A3_ET552_M203,5.0,0.125,0.0983,0.0675,0.0337,1.15,1.125,10.0,1.735,880,3.0,,5,1,C8A3M203EoTech
EF88,Rifle,semi,833,833,,Projectile_SuppressionInfo_Rifle,no,BP_Projectile,Rifles/BP_EF88_Ironsight_Foregrip,5.0,0.125,0.0983,0.0675,0.0337,1.15,1.125,10.0,1.735,970,3.0,,5,4,T_EF88_IronSight
EF88 + ET552,Rifle,semi,833,833,,Projectile_SuppressionInfo_Rifle,no,BP_Projectile,Rifles/BP_EF88_ET552_Foregrip,5.0,0.125,0.0983,0.0675,0.0337,1.15,1.125,10.0,1.735,970,3.0,,5,1,T_EF88_Eotech
EF88 + ET552 + Grippod,Rifle,semi,833,833,,Projectile_SuppressionInfo_Rifle,no,BP_Projectile,Rifles/BP_EF88_ET552_Grippod,5.0,0.125,0.0983,0.0675,0.0337,1.15,1.125,10.0,1.735,970,3.0,,5,1,T_EF88_Eotech_Grippod
EF88 + ET552 + Grippod + Tracer,Rifle,semi,833,833,,Projectile_SuppressionInfo_Rifle,no,BP_Projectile,Rifles/BP_EF88_ET552_Grippod_Tracer,5.0,0.125,0.0983,0.0675,0.0337,1.15,1.125,10.0,1.735,970,3.0,,5,1,T_EF88_Eotech_Grippod
EF88 + Grippod,Rifle,semi,833,833,,Projectile_SuppressionInfo_Rifle,no,BP_Projectile,Rifles/BP_EF88_Ironsight_Grippod,5.0,0.125,0.0983,0.0675,0.0337,1.15,1.125,10.0,1.735,970,3.0,,5,1,T_EF88_IronSight_Grippod
EF88 + Grippod + Tracer,Rifle,semi,833,833,,Projectile_SuppressionInfo_Rifle,no,BP_Projectile,Rifles/BP_EF88_Ironsight_Grippod_Tracer,5.0,0.125,0.0983,0.0675,0.0337,1.15,1.125,10.0,1.735,970,3.0,,5,1,T_EF88_IronSight_Grippod
EF88 + Specter,Rifle,semi,833,833,,Projectile_SuppressionInfo_Rifle,no,BP_Projectile,Rifles/BP_F88_Parent,5.0,0.125,0.0983,0.0675,0.0337,1.15,1.125,10.0,1.735,970,3.0,,5,4,EF88
EF88 + Specter + Grippod,Rifle,semi,833,833,,Projectile_SuppressionInfo_Rifle,no,BP_Projectile,Rifles/BP_EF88_Specter_Grippod,5.0,0.125,0.0983,0.0675,0.0337,1.15,1.125,10.0,1.735,970,3.0,,5,1,EF88_Grippod
EF88 + Specter + Grippod + Tracer,Rifle,semi,833,833,,Projectile_SuppressionInfo_Rifle,no,BP_Projectile,Rifles/BP_EF88_Specter_Grippod_Tracer,5.0,0.125,0.0983,0.0675,0.0337,1.15,1.125,10.0,1.735,970,3.0,,5,1,EF88_Grippod
EF88 SL40 + Specter,Rifle,semi,833,833,,Projectile_SuppressionInfo_Rifle,no,BP_Projectile,Rifles/BP_EF88_Specter_SL40,5.0,0.125,0.0983,0.0675,0.0337,1.15,1.125,10.0,1.735,970,3.0,,5,1,EF88_SL40
EF88C,Rifle,semi,833,833,,Projectile_SuppressionInfo_Rifle,no,BP_Projectile,Rifles/BP_EF88C_Parent,5.0,0.125,0.0983,0.0675,0.0337,1.15,1.125,10.0,1.735,970,3.0,,5,2,T_EF88C_IronSight
EF88C + ET552,Rifle,semi,833,833,,Projectile_SuppressionInfo_Rifle,no,BP_Projectile,Rifles/BP_EF88C_ET552_Foregrip,5.0,0.125,0.0983,0.0675,0.0337,1.15,1.125,10.0,1.735,970,3.0,,5,2,T_EF88C_Eotech
EF88C + Specter,Rifle,semi,833,833,,Projectile_SuppressionInfo_Rifle,no,BP_Projectile,Rifles/BP_EF88C_Specter_Foregrip,5.0,0.125,0.0983,0.0675,0.0337,1.15,1.125,10.0,1.735,970,3.0,,5,1,T_EF88C_Specter
EF88C + Specter + Tracer,Rifle,semi,833,833,,Projectile_SuppressionInfo_Rifle,no,BP_Projectile,Rifles/BP_EF88C_Specter_Foregrip_2mags_Tracer,5.0,0.125,0.0983,0.0675,0.0337,1.15,1.125,10.0,1.735,970,3.0,,5,1,T_EF88C_Specter
F88 + Tracer,Rifle,semi,833,833,,Projectile_SuppressionInfo_Rifle,no,BP_Projectile,Rifles/BP_F88_Tracer,5.0,0.125,0.0983,0.0675,0.0337,1.15,1.125,10.0,1.735,970,3.0,,5,2,F88
Fajr 224,Rifle,semi,833,833,,Projectile_SuppressionInfo_Rifle,no,BP_Projectile,Rifles/BP_M4_Classic_Fajr,5.0,0.125,0.0983,0.0675,0.0337,1.15,1.125,10.0,1.735,880,3.0,,5,1,M4_Classic
Generic Rifle,Rifle,auto,833,833,,Projectile_SuppressionInfo_Rifle,no,BP_Projectile,Rifles/BP_GenericRifle,5.0,0.125,0.0983,0.0675,0.0337,1.15,1.125,10.0,1.735,880,3.0,,5,2,
KLF,Rifle,auto,600,600,,Projectile_SuppressionInfo_Rifle,yes,BP_Projectile_7_62mm,Rifles/BP_KLF,5.0,0.125,0.0983,0.0675,0.0337,1.15,1.125,10.0,1.25,715,4.0,,5,1,akms
KLS,Rifle,auto,600,600,,Projectile_SuppressionInfo_Rifle,yes,BP_Projectile_7_62mm,Rifles/BP_KLS,5.0,0.125,0.0983,0.0675,0.0337,1.15,1.125,10.0,1.25,715,4.0,,5,1,akm
L119A1 + ET552 + Foregrip,Rifle,auto,833,833,,Projectile_SuppressionInfo_Rifle,no,BP_Projectile,Rifles/BP_L119A1_ET552_Foregrip,5.0,0.125,0.0983,0.0675,0.0337,1.15,1.125,10.0,1.735,880,3.0,,5,1,L119A1_Eotech_Foregrip
L22A2 + Foregrip,Rifle,auto,652,652,,Projectile_SuppressionInfo_Rifle,no,BP_Projectile,Rifles/BP_L22A2_Foregrip,5.0,0.125,0.0983,0.0675,0.0337,1.15,1.125,10.0,1.358,940,2.0,,5,1,l22a2
L22A2 + SUSAT + Foregrip ,Rifle,auto,652,652,,Projectile_SuppressionInfo_Rifle,no,BP_Projectile,Rifles/BP_L22A2_SUSAT_Foregrip,5.0,0.125,0.0983,0.0675,0.0337,1.15,1.125,10.0,1.358,940,2.0,,5,1,l22a2_susat
L85A2,Rifle,auto,652,652,,Projectile_SuppressionInfo_Rifle,no,BP_Projectile,Rifles/BP_L85A2,5.0,0.125,0.0983,0.0675,0.0337,1.15,1.125,10.0,1.358,940,2.0,,5,7,l85a2
L85A2 + ACOG + Foregrip Bipod,Rifle,auto,652,652,,Projectile_SuppressionInfo_Rifle,no,BP_Projectile,Rifles/BP_L85A2_M150_Foregrip,5.0,0.125,0.0983,0.0675,0.0337,1.15,1.125,10.0,1.358,940,2.0,,5,1,l85a2_acog_grippod
L85A2 + Grippod,Rifle,auto,652,652,,Projectile_SuppressionInfo_Rifle,no,BP_Projectile,Rifles/BP_L85A2_Grippod,5.0,0.125,0.0983,0.0675,0.0337,1.15,1.125,10.0,1.358,940,2.0,,5,2,l85a2_grippod
L85A2 + Irons + Foregrip Bipod + Tracer,Rifle,auto,652,652,,Projectile_SuppressionInfo_Rifle,no,BP_Projectile,Rifles/BP_L85A2_Foregrip_Tracer,5.0,0.125,0.0983,0.0675,0.0337,1.15,1.125,10.0,1.358,940,2.0,,5,2,l85a2_grippod
L85A2 + LDS,Rifle,auto,652,652,,Projectile_SuppressionInfo_Rifle,no,BP_Projectile,Rifles/BP_L85A2_LDS,5.0,0.125,0.0983,0.0675,0.0337,1.15,1.125,10.0,1.358,940,2.0,,5,3,l85a2_elcanlds
L85A2 + LDS + Grippod,Rifle,auto,652,652,,Projectile_SuppressionInfo_Rifle,no,BP_Projectile,Rifles/BP_L85A2_LDS_Grippod,5.0,0.125,0.0983,0.0675,0.0337,1.15,1.125,10.0,1.358,940,2.0,,5,2,l85a2_elcanlds_grippod
L85A2 + M150,Rifle,auto,652,652,,Projectile_SuppressionInfo_Rifle,no,BP_Projectile,Rifles/BP_L85A2_M150,5.0,0.125,0.0983,0.0675,0.0337,1.15,1.125,10.0,1.358,940,2.0,,5,1,l85a2_acog
L85A2 + M150 + Foregrip Bipod + Tracer,Rifle,auto,652,652,,Projectile_SuppressionInfo_Rifle,no,BP_Projectile,Rifles/BP_L85A2_M150_Foregrip_Tracer,5.0,0.125,0.0983,0.0675,0.0337,1.15,1.125,10.0,1.358,940,2.0,,5,1,l85a2_acog_grippod
L85A2 + SUSAT,Rifle,auto,652,652,,Projectile_SuppressionInfo_Rifle,no,BP_Projectile,Rifles/BP_L85A2_SUSAT,5.0,0.125,0.0983,0.0675,0.0337,1.15,1.125,10.0,1.358,940,2.0,,5,5,l85a2_susat
L85A2 + SUSAT + Grippod,Rifle,auto,652,652,,Projectile_SuppressionInfo_Rifle,no,BP_Projectile,Rifles/BP_L85A2_SUSAT_Grippod,5.0,0.125,0.0983,0.0675,0.0337,1.15,1.125,10.0,1.358,940,2.0,,5,3,l85a2_susat_grippod
L85A2 Classic + SUSAT,Rifle,auto,652,652,,Projectile_SuppressionInfo_Rifle,no,BP_Projectile,Rifles/BP_L85A2_Classic_SUSAT,5.0,0.125,0.0983,0.0675,0.0337,1.15,1.125,10.0,1.358,940,2.0,,5,2,l85a2_susat_classic
L85A2 L123A2,Rifle,auto,652,652,,Projectile_SuppressionInfo_Rifle,no,BP_Projectile,Rifles/BP_L85A2AG36_Rifle,5.0,0.125,0.0983,0.0675,0.0337,1.15,1.125,10.0,1.358,940,2.0,,5,2,l85a2ag36
L85A2 L123A2 + ACOG,Rifle,auto,652,652,,Projectile_SuppressionInfo_Rifle,no,BP_Projectile,Rifles/BP_L85A2AG36_M150_Rifle,5.0,0.125,0.0983,0.0675,0.0337,1.15,1.125,10.0,1.358,940,2.0,,5,1,l85a2ag36_acog
L85A2 L123A2 + LDS,Rifle,auto,652,652,,Projectile_SuppressionInfo_Rifle,no,BP_Projectile,Rifles/BP_L85A2AG36_LDS_Rifle,5.0,0.125,0.0983,0.0675,0.0337,1.15,1.125,10.0,1.358,940,2.0,,5,2,l85a2ag36_elcanlds
M1 Carbine,Rifle,semi,900,900,,Projectile_SuppressionInfo_Rifle,no,BP_Projectile,Rifles/M1Carbine/BP_M1Carbine_Ironsights,5.0,0.125,0.0983,0.0675,0.0337,1.15,1.125,10.0,1.875,607,,15,,1,T_M1Carbine
M16 Wormpool,Rifle,auto,833,833,,Projectile_SuppressionInfo_Rifle,no,BP_Projectile,Rifles/M16_Wormpool/BP_M16_Wormpool_Parent,5.0,0.125,0.0983,0.0675,0.0337,1.15,1.125,10.0,1.735,880,3.0,,5,1,M16A4
M16 Wormpool + EXPS + Foregrip,Rifle,auto,833,833,,Projectile_SuppressionInfo_Rifle,no,BP_Projectile,Rifles/M16_Wormpool/BP_M16_Wormpool_EXPS,5.0,0.125,0.0983,0.0675,0.0337,1.15,1.125,10.0,1.735,880,3.0,,5,1,T_M16_Wormpool_EXPS_Foregrip
M16 Wormpool + Foregrip,Rifle,auto,833,833,,Projectile_SuppressionInfo_Rifle,no,BP_Projectile,Rifles/M16_Wormpool/BP_M16_Wormpool_Ironsights,5.0,0.125,0.0983,0.0675,0.0337,1.15,1.125,10.0,1.735,880,3.0,,5,1,T_M16_Wormpool_Ironsights_Foregrip
M16 Wormpool + M150 + Foregrip,Rifle,auto,833,833,,Projectile_SuppressionInfo_Rifle,no,BP_Projectile,Rifles/M16_Wormpool/BP_M16_Wormpool_M150,5.0,0.125,0.0983,0.0675,0.0337,1.15,1.125,10.0,1.735,880,3.0,,5,1,T_M16_Wormpool_M150_Foregrip
M16 Wormpool + T800 + Foregrip,Rifle,auto,833,833,,Projectile_SuppressionInfo_Rifle,no,BP_Projectile,Rifles/M16_Wormpool/BP_M16_Wormpool_T800,5.0,0.125,0.0983,0.0675,0.0337,1.15,1.125,10.0,1.735,880,3.0,,5,1,T_M16_Wormpool_T800_Foregrip
M16A1,Rifle,auto,833,833,,Projectile_SuppressionInfo_Rifle,no,BP_Projectile,Rifles/BP_M16A1,5.0,0.125,0.0983,0.0675,0.0337,1.15,1.125,10.0,1.735,880,3.0,,5,1,T_M16A1
M16A1 + 3x20 Optic,Rifle,auto,833,833,,Projectile_SuppressionInfo_Rifle,no,BP_Projectile,Rifles/BP_M16A1_Optic,5.0,0.125,0.0983,0.0675,0.0337,1.15,1.125,10.0,1.735,880,3.0,,5,1,T_M16A1_3x20
M16A2,Rifle,semi,833,833,,Projectile_SuppressionInfo_Rifle,no,BP_Projectile,Rifles/BP_M16A2,5.0,0.125,0.0983,0.0675,0.0337,1.15,1.125,10.0,1.735,880,3.0,,5,2,T_M16A2
M16A2 + 3x20 Optic,Rifle,semi,833,833,,Projectile_SuppressionInfo_Rifle,no,BP_Projectile,Rifles/BP_M16A2_Optic,5.0,0.125,0.0983,0.0675,0.0337,1.15,1.125,10.0,1.735,880,3.0,,5,1,T_M16A2_3x20
M16A2 M203,Rifle,semi,833,833,,Projectile_SuppressionInfo_Rifle,no,BP_Projectile,Rifles/BP_M16A2M203_Rifle,5.0,0.125,0.0983,0.0675,0.0337,1.15,1.125,10.0,1.735,880,3.0,,5,1,T_M16A2_M203
M16A2 M203 + 3x20 Optic,Rifle,semi,833,833,,Projectile_SuppressionInfo_Rifle,no,BP_Projectile,Rifles/BP_M16A2M203_Optic_Rifle,5.0,0.125,0.0983,0.0675,0.0337,1.15,1.125,10.0,1.735,880,3.0,,5,1,T_M16A2_M203_3x20
M16A4 + Foregrip,Rifle,semi,833,833,,Projectile_SuppressionInfo_Rifle,no,BP_Projectile,Rifles/BP_M16A4_Foregrip,5.0,0.125,0.0983,0.0675,0.0337,1.15,1.125,10.0,1.735,880,3.0,,5,1,M16A4_foregrip
M16A4 + Irons,Rifle,semi,833,833,,Projectile_SuppressionInfo_Rifle,no,BP_Projectile,Rifles/BP_M16A4,5.0,0.125,0.0983,0.0675,0.0337,1.15,1.125,10.0,1.735,880,3.0,,5,3,M16A4
M16A4 + Irons + Vertical Grip + Tracer,Rifle,semi,833,833,,Projectile_SuppressionInfo_Rifle,no,BP_Projectile,Rifles/BP_M16A4_Foregrip_Tracer,5.0,0.125,0.0983,0.0675,0.0337,1.15,1.125,10.0,1.735,880,3.0,,5,1,M16A4_foregrip
M16A4 + M150,Rifle,semi,833,833,,Projectile_SuppressionInfo_Rifle,no,BP_Projectile,Rifles/BP_M16A4_M150,5.0,0.125,0.0983,0.0675,0.0337,1.15,1.125,10.0,1.735,880,3.0,,5,1,M16A4_acog
M16A4 + M150 + Foregrip,Rifle,semi,833,833,,Projectile_SuppressionInfo_Rifle,no,BP_Projectile,Rifles/BP_M16A4_M150_Foregrip,5.0,0.125,0.0983,0.0675,0.0337,1.15,1.125,10.0,1.735,880,3.0,,5,1,M16A4_acog_foregrip
M16A4 + M150 + Vertical Grip + Tracer,Rifle,semi,833,833,,Projectile_SuppressionInfo_Rifle,no,BP_Projectile,Rifles/BP_M16A4_M150_Foregrip_Tracer,5.0,0.125,0.0983,0.0675,0.0337,1.15,1.125,10.0,1.735,880,3.0,,5,1,M16A4_acog_foregrip
M16A4 M203,Rifle,semi,833,833,,Projectile_SuppressionInfo_Rifle,no,BP_Projectile,Rifles/BP_M16A4M203_Rifle,5.0,0.125,0.0983,0.0675,0.0337,1.15,1.125,10.0,1.735,880,3.0,,5,1,m16a4_m203
M16A4 M203 + M150,Rifle,semi,833,833,,Projectile_SuppressionInfo_Rifle,no,BP_Projectile,Rifles/BP_M16A4M203_Rifle_M150,5.0,0.125,0.0983,0.0675,0.0337,1.15,1.125,10.0,1.735,880,3.0,,5,1,m16a4_m203_acog
M27 IAR,Rifle,auto,833,833,,Projectile_SuppressionInfo_Rifle,yes,BP_Projectile,Rifles/BP_M27,5.0,0.125,0.0983,0.0675,0.0337,1.15,1.125,10.0,1.735,880,3.0,,5,1,T_M27
M27 IAR + SDO,Rifle,auto,833,833,,Projectile_SuppressionInfo_Rifle,yes,BP_Projectile,Rifles/BP_M27_Optic,5.0,0.125,0.0983,0.0675,0.0337,1.15,1.125,10.0,1.735,915,3.0,,5,2,T_M27_Optic
M4,Rifle,semi,833,833,,Projectile_SuppressionInfo_Rifle,no,BP_Projectile,Rifles/BP_M4,5.0,0.125,0.0983,0.0675,0.0337,1.15,1.125,10.0,1.735,880,3.0,,5,15,M4_ironsights
M4 + Foregrip,Rifle,semi,833,833,,Projectile_SuppressionInfo_Rifle,no,BP_Projectile,Rifles/BP_M4_Foregrip,5.0,0.125,0.0983,0.0675,0.0337,1.15,1.125,10.0,1.735,880,3.0,,5,3,m4_ironsights_foregrip
M4 + M150,Rifle,semi,833,833,,Projectile_SuppressionInfo_Rifle,no,BP_Projectile,Rifles/BP_M4_M150,5.0,0.125,0.0983,0.0675,0.0337,1.15,1.125,10.0,1.735,880,3.0,,5,5,M4_acog
M4 + M150 + Foregrip,Rifle,semi,833,833,,Projectile_SuppressionInfo_Rifle,no,BP_Projectile,Rifles/BP_M4_M150_Foregrip,5.0,0.125,0.0983,0.0675,0.0337,1.15,1.125,10.0,1.735,880,3.0,,5,4,M4_acog_foregrip
M4 + M68,Rifle,semi,833,833,,Projectile_SuppressionInfo_Rifle,no,BP_Projectile,Rifles/BP_M4_M68,5.0,0.125,0.0983,0.0675,0.0337,1.15,1.125,10.0,1.735,880,3.0,,5,5,M4_aimpoint
M4 + M68 + Foregrip,Rifle,semi,833,833,,Projectile_SuppressionInfo_Rifle,no,BP_Projectile,Rifles/BP_M4_M68_Foregrip,5.0,0.125,0.0983,0.0675,0.0337,1.15,1.125,10.0,1.735,880,3.0,,5,2,m4_aimpoint_foregrip
M4 + Yoloson,Rifle,semi,833,833,,Projectile_SuppressionInfo_Rifle,no,BP_Projectile,Rifles/BP_M4_Classic_Yoloson,5.0,0.125,0.0983,0.0675,0.0337,1.15,1.125,10.0,1.735,880,3.0,,5,1,M4_Classic_Yoloson
M4 M203,Rifle,semi,833,833,,Projectile_SuppressionInfo_Rifle,no,BP_Projectile,Rifles/BP_M4M203_Rifle,5.0,0.125,0.0983,0.0675,0.0337,1.15,1.125,10.0,1.735,880,3.0,,5,2,M4_m203
M4 M203 + M150,Rifle,semi,833,833,,Projectile_SuppressionInfo_Rifle,no,BP_Projectile,Rifles/BP_M4M203_Rifle_M150,5.0,0.125,0.0983,0.0675,0.0337,1.15,1.125,10.0,1.735,880,3.0,,5,2,m4_m203_acog
M4 M203 + M68,Rifle,semi,833,833,,Projectile_SuppressionInfo_Rifle,no,BP_Projectile,Rifles/BP_M4M203_Rifle_M68,5.0,0.125,0.0983,0.0675,0.0337,1.15,1.125,10.0,1.735,880,3.0,,5,2,m4_m203_aimpoint
M4 Simon Offense,Rifle,auto,833,833,,Projectile_SuppressionInfo_Rifle,no,BP_Projectile,Rifles/M4_Wormpool/BP_M4_Wormpool_Parent,5.0,0.125,0.0983,0.0675,0.0337,1.15,1.125,10.0,1.735,880,8.0,,5,3,T_M4_Wormpool_Ironsights_Foregrip
M4 Simon Offense + EXPS,Rifle,auto,833,833,,Projectile_SuppressionInfo_Rifle,no,BP_Projectile,Rifles/M4_SimonsOffense/BP_M4_SimonOffense_EXPS,5.0,0.125,0.0983,0.0675,0.0337,1.15,1.125,10.0,1.735,880,8.0,,5,1,T_M4_SimonOffense_EXPS_Foregrip
M4 Simon Offense + M150 + Vertical Grip,Rifle,auto,833,833,,Projectile_SuppressionInfo_Rifle,no,BP_Projectile,Rifles/M4_SimonsOffense/BP_M4_SimonOffense_M150,5.0,0.125,0.0983,0.0675,0.0337,1.15,1.125,10.0,1.735,880,8.0,,5,1,T_M4_SimonOffense_M150_Foregrip
M4 Simon Offense + T800 + Foregrip,Rifle,auto,833,833,,Projectile_SuppressionInfo_Rifle,no,BP_Projectile,Rifles/M4_SimonsOffense/BP_M4_SimonOffense_T800,5.0,0.125,0.0983,0.0675,0.0337,1.15,1.125,10.0,1.735,880,8.0,,5,1,T_M4_SimonOffense_T800_Foregrip
M4 Tracer,Rifle,semi,833,833,,Projectile_SuppressionInfo_Rifle,no,BP_Projectile,Rifles/BP_M4_Classic_Tracer,5.0,0.125,0.0983,0.0675,0.0337,1.15,1.125,10.0,1.735,880,3.0,,5,1,M4_Classic
M4 Tracer + M150,Rifle,semi,833,833,,Projectile_SuppressionInfo_Rifle,no,BP_Projectile,Rifles/BP_M4_M150_Tracer,5.0,0.125,0.0983,0.0675,0.0337,1.15,1.125,10.0,1.735,880,3.0,,5,4,M4_acog
M4 Tracer + Vertical Grip,Rifle,semi,833,833,,Projectile_SuppressionInfo_Rifle,no,BP_Projectile,Rifles/BP_M4_Carryhandle_Foregrip_Tracer,5.0,0.125,0.0983,0.0675,0.0337,1.15,1.125,10.0,1.735,880,3.0,,5,2,M4_Carryhandle_foregrip
M4 Wormpool + EXPS + Foregrip,Rifle,auto,833,833,,Projectile_SuppressionInfo_Rifle,no,BP_Projectile,Rifles/M4_Wormpool/BP_M4_Wormpool_EXPS,5.0,0.125,0.0983,0.0675,0.0337,1.15,1.125,10.0,1.735,880,3.0,,5,1,T_M4_Wormpool_EXPS_Foregrip
M4 Wormpool + Foregrip,Rifle,auto,833,833,,Projectile_SuppressionInfo_Rifle,no,BP_Projectile,Rifles/M4_Wormpool/BP_M4_Wormpool_Ironsights,5.0,0.125,0.0983,0.0675,0.0337,1.15,1.125,10.0,1.735,880,3.0,,5,1,T_M4_Wormpool_Ironsights_Foregrip
M4 Wormpool + M150 + Foregrip,Rifle,auto,833,833,,Projectile_SuppressionInfo_Rifle,no,BP_Projectile,Rifles/M4_Wormpool/BP_M4_Wormpool_M150,5.0,0.125,0.0983,0.0675,0.0337,1.15,1.125,10.0,1.735,880,3.0,,5,1,T_M4_Wormpool_M150_Foregrip
M4 Wormpool + T800,Rifle,auto,833,833,,Projectile_SuppressionInfo_Rifle,no,BP_Projectile,Rifles/M4_Wormpool/BP_M4_Wormpool_T800,5.0,0.125,0.0983,0.0675,0.0337,1.15,1.125,10.0,1.735,880,3.0,,5,1,T_M4_Wormpool_T800
M4A1,Rifle,auto,833,833,,Projectile_SuppressionInfo_Rifle,no,BP_Projectile,Rifles/BP_M4A1,5.0,0.125,0.0983,0.0675,0.0337,1.15,1.125,10.0,1.735,880,3.0,,5,2,M4_ironsights
M4A1 + Foregrip,Rifle,auto,833,833,,Projectile_SuppressionInfo_Rifle,no,BP_Projectile,Rifles/BP_M4A1_Foregrip,5.0,0.125,0.0983,0.0675,0.0337,1.15,1.125,10.0,1.735,880,3.0,,5,2,m4_ironsights_foregrip
M4A1 + M150 + Foregrip,Rifle,auto,833,833,,Projectile_SuppressionInfo_Rifle,no,BP_Projectile,Rifles/BP_M4A1_M150_Foregrip,5.0,0.125,0.0983,0.0675,0.0337,1.15,1.125,10.0,1.735,880,3.0,,5,2,M4_acog_foregrip
M4A1 + M68,Rifle,auto,833,833,,Projectile_SuppressionInfo_Rifle,no,BP_Projectile,Rifles/BP_M4A1_M68,5.0,0.125,0.0983,0.0675,0.0337,1.15,1.125,10.0,1.735,880,3.0,,5,2,M4_aimpoint
M4A1 + M68 + Foregrip,Rifle,auto,833,833,,Projectile_SuppressionInfo_Rifle,no,BP_Projectile,Rifles/BP_M4A1_M68_Foregrip,5.0,0.125,0.0983,0.0675,0.0337,1.15,1.125,10.0,1.735,880,3.0,,5,2,m4_aimpoint_foregrip
M4A1 Tracer + Vertical Grip,Rifle,auto,833,833,,Projectile_SuppressionInfo_Rifle,no,BP_Projectile,Rifles/BP_M4A1_Foregrip_Tracer,5.0,0.125,0.0983,0.0675,0.0337,1.15,1.125,10.0,1.735,880,3.0,,5,2,m4_ironsights_foregrip
Malyuk (5.45),Rifle,auto,667,667,,Projectile_SuppressionInfo_Rifle,no,BP_Projectile,Rifles/Malyuk/BP_Malyuk_545,5.0,0.125,0.0983,0.0675,0.0337,1.15,1.125,10.0,1.39,900,4.0,,5,1,malyuk_545_irons
Malyuk (5.45) + EXPS,Rifle,auto,667,667,,Projectile_SuppressionInfo_Rifle,no,BP_Projectile,Rifles/Malyuk/BP_Malyuk_545_EXPS,5.0,0.125,0.0983,0.0675,0.0337,1.15,1.125,10.0,1.39,900,4.0,,5,1,malyuk_545_exps
Malyuk (5.45) + EXPS + Foregrip,Rifle,auto,667,667,,Projectile_SuppressionInfo_Rifle,no,BP_Projectile,Rifles/Malyuk/BP_Malyuk_545_EXPS_Foregrip,5.0,0.125,0.0983,0.0675,0.0337,1.15,1.125,10.0,1.39,900,4.0,,5,1,malyuk_545_foregrip_exps
Malyuk (5.45) + Foregrip,Rifle,auto,667,667,,Projectile_SuppressionInfo_Rifle,no,BP_Projectile,Rifles/Malyuk/BP_Malyuk_545_Foregrip,5.0,0.125,0.0983,0.0675,0.0337,1.15,1.125,10.0,1.39,900,4.0,,5,1,malyuk_545_foregrip_irons
Malyuk (5.45) + TA31,Rifle,auto,667,667,,Projectile_SuppressionInfo_Rifle,no,BP_Projectile,Rifles/Malyuk/BP_Malyuk_545_M150,5.0,0.125,0.0983,0.0675,0.0337,1.15,1.125,10.0,1.39,900,4.0,,5,1,malyuk_545_m150
Malyuk (5.45) + TA31 + Foregrip,Rifle,auto,667,667,,Projectile_SuppressionInfo_Rifle,no,BP_Projectile,Rifles/Malyuk/BP_Malyuk_545_M150_Foregrip,5.0,0.125,0.0983,0.0675,0.0337,1.15,1.125,10.0,1.39,900,4.0,,5,1,malyuk_545_foregrip_m150
Malyuk (5.56),Rifle,auto,667,667,,Projectile_SuppressionInfo_Rifle,no,BP_Projectile,Rifles/Malyuk/BP_Malyuk_556,5.0,0.125,0.0983,0.0675,0.0337,1.15,1.125,10.0,1.39,900,4.0,,5,1,malyuk_545_irons
Malyuk (5.56) + Foregrip,Rifle,auto,667,667,,Projectile_SuppressionInfo_Rifle,no,BP_Projectile,Rifles/Malyuk/BP_Malyuk_556_Foregrip,5.0,0.125,0.0983,0.0675,0.0337,1.15,1.125,10.0,1.39,900,4.0,,5,1,malyuk_545_foregrip_irons
Malyuk (5.56) + TA31,Rifle,auto,667,667,,Projectile_SuppressionInfo_Rifle,no,BP_Projectile,Rifles/Malyuk/BP_Malyuk_556_M150,5.0,0.125,0.0983,0.0675,0.0337,1.15,1.125,10.0,1.39,900,4.0,,5,1,malyuk_545_m150
Malyuk (5.56) + TA31 + Foregrip,Rifle,auto,667,667,,Projectile_SuppressionInfo_Rifle,no,BP_Projectile,Rifles/Malyuk/BP_Malyuk_556_M150_Foregrip,5.0,0.125,0.0983,0.0675,0.0337,1.15,1.125,10.0,1.39,900,4.0,,5,1,malyuk_545_foregrip_m150
Malyuk (5.56) + Yoloson,Rifle,auto,667,667,,Projectile_SuppressionInfo_Rifle,no,BP_Projectile,Rifles/Malyuk/BP_Malyuk_556_Yoloson,5.0,0.125,0.0983,0.0675,0.0337,1.15,1.125,10.0,1.39,900,4.0,,5,1,malyuk_556_Yoloson
Malyuk (5.56) + Yoloson + Foregrip,Rifle,auto,667,667,,Projectile_SuppressionInfo_Rifle,no,BP_Projectile,Rifles/Malyuk/BP_Malyuk_556_Yoloson_Foregrip,5.0,0.125,0.0983,0.0675,0.0337,1.15,1.125,10.0,1.39,900,4.0,,5,1,malyuk_556_foregrip_Yoloson
Malyuk (7.62),Rifle,auto,667,667,,Projectile_SuppressionInfo_Rifle,yes,BP_Projectile_7_62mm,Rifles/Malyuk/BP_Malyuk_762,5.0,0.125,0.0983,0.0675,0.0337,1.15,1.125,10.0,1.39,900,4.0,,5,1,malyuk_762_irons
Malyuk (7.62) + Foregrip,Rifle,auto,667,667,,Projectile_SuppressionInfo_Rifle,yes,BP_Projectile_7_62mm,Rifles/Malyuk/BP_Malyuk_762_Foregrip,5.0,0.125,0.0983,0.0675,0.0337,1.15,1.125,10.0,1.39,900,4.0,,5,1,malyuk_762_irons_foregrip
Malyuk (7.62) + M68,Rifle,auto,667,667,,Projectile_SuppressionInfo_Rifle,yes,BP_Projectile_7_62mm,Rifles/Malyuk/BP_Malyuk_762_M68,5.0,0.125,0.0983,0.0675,0.0337,1.15,1.125,10.0,1.39,900,4.0,,5,1,malyuk_762_m68
Malyuk (7.62) + M68 + Foregrip,Rifle,auto,667,667,,Projectile_SuppressionInfo_Rifle,yes,BP_Projectile_7_62mm,Rifles/Malyuk/BP_Malyuk_762_M68_Foregrip,5.0,0.125,0.0983,0.0675,0.0337,1.15,1.125,10.0,1.39,900,4.0,,5,1,malyuk_762_m68_foregrip
Malyuk (7.62) + TA31,Rifle,auto,667,667,,Projectile_SuppressionInfo_Rifle,yes,BP_Projectile_7_62mm,Rifles/Malyuk/BP_Malyuk_762_M150,5.0,0.125,0.0983,0.0675,0.0337,1.15,1.125,10.0,1.39,900,4.0,,5,1,malyuk_762_m150
Malyuk (7.62) + TA31 + Foregrip,Rifle,auto,667,667,,Projectile_SuppressionInfo_Rifle,yes,BP_Projectile_7_62mm,Rifles/Malyuk/BP_Malyuk_762_M150_Foregrip,5.0,0.125,0.0983,0.0675,0.0337,1.15,1.125,10.0,1.39,900,4.0,,5,1,malyuk_762_foregrip_m150
Mk 153 SMAW (Spotting Rifle),Rifle,semi,900,900,,Projectile_SuppressionInfo_Rifle,no,BP_Projectile_SMAW_SpottingRifle,RocketLaunchers/SMAW/BP_SMAW_SpottingRifle,5.0,0.125,0.0983,0.0675,0.0337,1.15,1.125,10.0,1.875,220,7.0,6,1,1,smaw_spottingrifle
PM md. 63,Rifle,auto,600,600,,Projectile_SuppressionInfo_Rifle,yes,BP_Projectile_7_62mm,Rifles/BP_PMMD63,5.0,0.125,0.0983,0.0675,0.0337,1.15,1.125,10.0,1.25,715,4.0,,5,1,pmmd63
QBZ-191,Rifle,auto,706,706,,Projectile_SuppressionInfo_Rifle,no,BP_Projectile,Rifles/QBZ-191/BP_QBZ191_Parent,5.0,0.125,0.0983,0.0675,0.0337,1.15,1.125,10.0,1.471,940,1.7999999523162842,,5,2,T_QBZ191
QBZ-191 + Grip Pod,Rifle,auto,706,706,,Projectile_SuppressionInfo_Rifle,no,BP_Projectile,Rifles/QBZ-191/BP_QBZ191_IronSights_Grippod,5.0,0.125,0.0983,0.0675,0.0337,1.15,1.125,10.0,1.471,940,1.7999999523162842,,5,1,T_QBZ191_Grippod
QBZ-191 + Grip Pod + Holo + Suppressor,Rifle,auto,706,706,,Projectile_SuppressionInfo_Rifle,no,BP_Projectile,Rifles/QBZ-191/BP_QBZ191_Holo_Grippod_Suppressor,5.0,0.125,0.0983,0.0675,0.0337,1.15,1.125,10.0,1.471,940,1.7999999523162842,,5,1,T_QBZ191_Grippod_Holo_Suppressor
QBZ-191 + Grip Pod + Holo Sight,Rifle,auto,706,706,,Projectile_SuppressionInfo_Rifle,no,BP_Projectile,Rifles/QBZ-191/BP_QBZ191_Holo_Grippod,5.0,0.125,0.0983,0.0675,0.0337,1.15,1.125,10.0,1.471,940,1.7999999523162842,,5,1,T_QBZ191_Grippod_Holo
QBZ-191 + Grip Pod + QMK-171A,Rifle,auto,706,706,,Projectile_SuppressionInfo_Rifle,no,BP_Projectile,Rifles/QBZ-191/BP_QBZ191_Optic_QMK171A_Grippod,5.0,0.125,0.0983,0.0675,0.0337,1.15,1.125,10.0,1.471,940,1.7999999523162842,,5,1,T_QBZ191_Grippod_QMK171A
QBZ-191 + Grip Pod + QMK-171A + Suppressor,Rifle,auto,706,706,,Projectile_SuppressionInfo_Rifle,no,BP_Projectile,Rifles/QBZ-191/BP_QBZ191_Optic_QMK171A_Grippod_Suppressor,5.0,0.125,0.0983,0.0675,0.0337,1.15,1.125,10.0,1.471,940,1.7999999523162842,,5,1,T_QBZ191_Grippod_QMK171A_Suppressor
QBZ-191 + Grip Pod + Suppressor,Rifle,auto,706,706,,Projectile_SuppressionInfo_Rifle,no,BP_Projectile,Rifles/QBZ-191/BP_QBZ191_IronSights_Grippod_Suppressor,5.0,0.125,0.0983,0.0675,0.0337,1.15,1.125,10.0,1.471,940,1.7999999523162842,,5,1,T_QBZ191_Grippod_Suppressor
QBZ-191 + Holo Sight,Rifle,auto,706,706,,Projectile_SuppressionInfo_Rifle,no,BP_Projectile,Rifles/QBZ-191/BP_QBZ191_Holo,5.0,0.125,0.0983,0.0675,0.0337,1.15,1.125,10.0,1.471,940,1.7999999523162842,,5,1,T_QBZ191_Holo
QBZ-191 + QMK-171A,Rifle,auto,706,706,,Projectile_SuppressionInfo_Rifle,no,BP_Projectile,Rifles/QBZ-191/BP_QBZ191_Optic_QMK171A,5.0,0.125,0.0983,0.0675,0.0337,1.15,1.125,10.0,1.471,940,1.7999999523162842,,5,1,T_QBZ191_QMK171A
QBZ-192,Rifle,auto,750,750,,Projectile_SuppressionInfo_Rifle,no,BP_Projectile,Rifles/QBZ-192/BP_QBZ192_Parent,5.0,0.125,0.0983,0.0675,0.0337,1.15,1.125,10.0,1.562,940,3.0,,5,3,T_QBZ192
QBZ-192 + Grip Pod,Rifle,auto,750,750,,Projectile_SuppressionInfo_Rifle,no,BP_Projectile,Rifles/QBZ-192/BP_QBZ192_IronSights_Grippod,5.0,0.125,0.0983,0.0675,0.0337,1.15,1.125,10.0,1.562,940,3.0,,5,2,T_QBZ192_Grippod
QBZ-192 + Grip Pod + Holo Sight,Rifle,auto,750,750,,Projectile_SuppressionInfo_Rifle,no,BP_Projectile,Rifles/QBZ-192/BP_QBZ192_Holo_Grippod,5.0,0.125,0.0983,0.0675,0.0337,1.15,1.125,10.0,1.562,940,3.0,,5,1,T_QBZ192_Grippod_Holo
QBZ-192 + Grip Pod + Holo Sight + Suppressor,Rifle,auto,750,750,,Projectile_SuppressionInfo_Rifle,no,BP_Projectile,Rifles/QBZ-192/BP_QBZ192_Holo_Grippod_Suppressor,5.0,0.125,0.0983,0.0675,0.0337,1.15,1.125,10.0,1.562,940,3.0,,5,1,T_QBZ192_Grippod_Holo_Suppressor
QBZ-192 + Grip Pod + QMK-171A,Rifle,auto,750,750,,Projectile_SuppressionInfo_Rifle,no,BP_Projectile,Rifles/QBZ-192/BP_QBZ192_Optic_QMK171A_Grippod,5.0,0.125,0.0983,0.0675,0.0337,1.15,1.125,10.0,1.562,940,3.0,,5,1,T_QBZ192_Grippod_QMK171A
QBZ-192 + Grip Pod + QMK-171A + Suppressor,Rifle,auto,750,750,,Projectile_SuppressionInfo_Rifle,no,BP_Projectile,Rifles/QBZ-192/BP_QBZ192_Optic_QMK171A_Grippod_Suppressor,5.0,0.125,0.0983,0.0675,0.0337,1.15,1.125,10.0,1.562,940,3.0,,5,1,T_QBZ192_Grippod_QMK171A_Suppressor
QBZ-192 + Grip Pod + Suppressor,Rifle,auto,750,750,,Projectile_SuppressionInfo_Rifle,no,BP_Projectile,Rifles/QBZ-192/BP_QBZ192_IronSights_Grippod_Suppressor,5.0,0.125,0.0983,0.0675,0.0337,1.15,1.125,10.0,1.562,940,3.0,,5,1,T_QBZ192_Grippod_Suppressor
QBZ-192 + Holo Sight,Rifle,auto,750,750,,Projectile_SuppressionInfo_Rifle,no,BP_Projectile,Rifles/QBZ-192/BP_QBZ192_Holo,5.0,0.125,0.0983,0.0675,0.0337,1.15,1.125,10.0,1.562,940,3.0,,5,1,T_QBZ192_Holo
QBZ-192 + QMK-171A,Rifle,auto,750,750,,Projectile_SuppressionInfo_Rifle,no,BP_Projectile,Rifles/QBZ-192/BP_QBZ192_Optic_QMK171A,5.0,0.125,0.0983,0.0675,0.0337,1.15,1.125,10.0,1.562,940,3.0,,5,1,T_QBZ192_QMK171A
QBZ95-1,Rifle,auto,652,652,,Projectile_SuppressionInfo_Rifle,no,BP_Projectile,Rifles/BP_QBZ95-1,5.0,0.125,0.0983,0.0675,0.0337,1.15,1.125,10.0,1.358,940,2.0,,5,3,T_qbz95-1
QBZ95-1 + Holo Sight,Rifle,auto,652,652,,Projectile_SuppressionInfo_Rifle,no,BP_Projectile,Rifles/BP_QBZ95-1_Holo,5.0,0.125,0.0983,0.0675,0.0337,1.15,1.125,10.0,1.358,940,2.0,,5,3,T_qbz95-1_holo
QBZ95-1 + YMA600,Rifle,auto,652,652,,Projectile_SuppressionInfo_Rifle,no,BP_Projectile,Rifles/BP_QBZ95-1_Optic,5.0,0.125,0.0983,0.0675,0.0337,1.15,1.125,10.0,1.358,940,2.0,,5,2,qbz95-1_yma600
QBZ95-1 QLG-10,Rifle,auto,652,652,,Projectile_SuppressionInfo_Rifle,no,BP_Projectile,GrenadeLaunchers/QBZ-95-1_QLG-10_UGL/BP_QBZ95-1_QLG-10_Rifle,5.0,0.125,0.0983,0.0675,0.0337,1.15,1.125,10.0,1.358,940,2.0,,5,1,T_qbz95-1_qlg10
QBZ95-1 QLG-10 + YMA600,Rifle,auto,652,652,,Projectile_SuppressionInfo_Rifle,no,BP_Projectile,GrenadeLaunchers/QBZ-95-1_QLG-10_UGL/BP_QBZ95-1_QLG-10_Rifle_Optic,5.0,0.125,0.0983,0.0675,0.0337,1.15,1.125,10.0,1.358,940,2.0,,5,1,T_qbz95-1_qlg10_yma600
QBZ95B-1,Rifle,auto,652,652,,Projectile_SuppressionInfo_Rifle,no,BP_Projectile,Rifles/BP_QBZ95B-1,5.0,0.125,0.0983,0.0675,0.0337,1.15,1.125,10.0,1.358,790,2.0,,5,3,T_qbz95b-1
AS-VAL,SMG / pistol,auto,652,652,,Projectile_Suppression_Pistol,no,BP_Projectile_Subsonic,Rifles/BP_ASVAL,5.0,0.1,0.0637,0.0324,0.0099,1.15,1.125,12.0,1.087,495,4.0,20,5,1,T_asval
AS-VAL + OKP-7,SMG / pistol,auto,652,652,,Projectile_Suppression_Pistol,no,BP_Projectile_Subsonic,Rifles/BP_ASVAL_OKP-7,5.0,0.1,0.0637,0.0324,0.0099,1.15,1.125,12.0,1.087,495,4.0,20,5,1,T_asval_okp7
AS-VAL + PSO-1-1,SMG / pistol,auto,652,652,,Projectile_Suppression_Pistol,no,BP_Projectile_Subsonic,Rifles/BP_ASVAL_Optic,5.0,0.1,0.0637,0.0324,0.0099,1.15,1.125,12.0,1.087,495,4.0,20,5,1,T_asval_optic
G17,SMG / pistol,semi,652,652,,Projectile_Suppression_Pistol,no,BP_Projectile_9mm,Pistols/BP_G17,5.0,0.1,0.0637,0.0324,0.0099,1.15,1.125,12.0,1.087,375,,17,1,2,glock17
G17 + Extended Mag,SMG / pistol,semi,652,652,,Projectile_Suppression_Pistol,no,BP_Projectile_9mm,Pistols/G17/BP_G17_ExtendedMag_33rd,5.0,0.1,0.0637,0.0324,0.0099,1.15,1.125,12.0,1.087,375,,33,1,2,T_G17_ExtendedMag
G18 + Extended Mag,SMG / pistol,auto,1200,1200,,Projectile_Suppression_SMG,yes,BP_Projectile_9mm,Pistols/G17/BP_G18_ExtendedMag_33rd,5.0,0.1,0.0637,0.0324,0.0099,1.15,1.125,12.0,2.0,375,,33,1,1,T_G17_ExtendedMag
Generic Pistol,SMG / pistol,semi,652,652,,Projectile_Suppression_Pistol,no,BP_Projectile_9mm,Pistols/BP_GenericPistol,5.0,0.1,0.0637,0.0324,0.0099,1.15,1.125,12.0,1.087,381,,17,1,1,glock17
Hi-Power,SMG / pistol,semi,652,652,,Projectile_Suppression_Pistol,no,BP_Projectile_9mm,Pistols/BP_BrowningHP,5.0,0.1,0.0637,0.0324,0.0099,1.15,1.125,12.0,1.087,350,,13,1,5,browningHP_CAF
L131A1 General Service Pistol,SMG / pistol,semi,652,652,,Projectile_Suppression_Pistol,no,BP_Projectile_9mm,Pistols/BP_L131A1,5.0,0.1,0.0637,0.0324,0.0099,1.15,1.125,12.0,1.087,375,,17,1,1,glock17
M17,SMG / pistol,semi,652,652,,Projectile_Suppression_Pistol,no,BP_Projectile_9mm,Pistols/BP_M17MHS,5.0,0.1,0.0637,0.0324,0.0099,1.15,1.125,12.0,1.087,381,,17,1,2,m17mhs
M18,SMG / pistol,semi,652,652,,Projectile_Suppression_Pistol,no,BP_Projectile_9mm,Pistols/BP_M18,5.0,0.1,0.0637,0.0324,0.0099,1.15,1.125,12.0,1.087,381,,17,1,1,m17mhs
M9A1,SMG / pistol,semi,652,652,,Projectile_Suppression_Pistol,no,BP_Projectile_9mm,Pistols/BP_M9A1,5.0,0.1,0.0637,0.0324,0.0099,1.15,1.125,12.0,1.087,381,,15,1,3,m9a1beretta
Makarov PM,SMG / pistol,semi,652,652,,Projectile_Suppression_Pistol,no,BP_Projectile_9mm,Pistols/BP_Makarov,5.0,0.1,0.0637,0.0324,0.0099,1.15,1.125,12.0,1.087,315,,8,1,2,makarov
MP-443 Grach,SMG / pistol,semi,652,652,,Projectile_Suppression_Pistol,no,BP_Projectile_9mm,Pistols/BP_MP443,5.0,0.1,0.0637,0.0324,0.0099,1.15,1.125,12.0,1.087,450,,18,1,2,mp443
MP5A3,SMG / pistol,auto,800,800,,Projectile_Suppression_SMG,yes,BP_Projectile_9mm,SubmachineGuns/MP5/BP_MP5A3,5.0,0.1,0.0637,0.0324,0.0099,1.15,1.125,12.0,1.333,320,6.0,,1,3,T_mp5a3
MP5A3 + T800,SMG / pistol,auto,800,800,,Projectile_Suppression_SMG,yes,BP_Projectile_9mm,SubmachineGuns/MP5/BP_MP5A3_T800,5.0,0.1,0.0637,0.0324,0.0099,1.15,1.125,12.0,1.333,320,6.0,,1,4,T_MP5A3_T800
MP5A3 + ZPoint,SMG / pistol,auto,800,800,,Projectile_Suppression_SMG,yes,BP_Projectile_9mm,SubmachineGuns/MP5/BP_MP5A3_ZPoint,5.0,0.1,0.0637,0.0324,0.0099,1.15,1.125,12.0,1.333,320,6.0,,1,3,T_MP5A3_Zpoint
MPT9,SMG / pistol,auto,800,800,,Projectile_Suppression_SMG,yes,BP_Projectile_9mm,SubmachineGuns/MP5/BP_MPT9,5.0,0.1,0.0637,0.0324,0.0099,1.15,1.125,12.0,1.333,320,6.0,,1,1,T_mp5a3
PPSh-41,SMG / pistol,auto,1000,1000,,Projectile_Suppression_SMG,yes,BP_Projectile_9mm,SubmachineGuns/PPSH41/BP_Ppsh41_Stick,5.0,0.1,0.0637,0.0324,0.0099,1.15,1.125,12.0,1.667,488,,35,,1,ppsh-41_stick
PPSh-41 + Drum Mag,SMG / pistol,auto,1000,1000,,Projectile_Suppression_SMG,yes,BP_Projectile_9mm,SubmachineGuns/PPSH41/BP_Ppsh41_Drum,5.0,0.1,0.0637,0.0324,0.0099,1.15,1.125,12.0,1.667,488,,71,,1,ppsh-41_drum
QCW-05,SMG / pistol,auto,896,896,,Projectile_Suppression_SMG,yes,BP_Projectile_9mm,SubmachineGuns/OCW-05/BP_QCW05_Parent,5.0,0.1,0.0637,0.0324,0.0099,1.15,1.125,12.0,1.493,321,8.0,50,5,3,QCW05
QCW-05 + Holo Sight,SMG / pistol,auto,896,896,,Projectile_Suppression_SMG,yes,BP_Projectile_9mm,SubmachineGuns/OCW-05/BP_QCW05_Holo,5.0,0.1,0.0637,0.0324,0.0099,1.15,1.125,12.0,1.493,321,8.0,50,5,2,QCW05_Holo
QCW-05 + Holo Sight + Suppressor,SMG / pistol,auto,896,896,,Projectile_Suppression_SMG,yes,BP_Projectile_9mm,SubmachineGuns/OCW-05/BP_QCW05_Holo_Suppressor,5.0,0.1,0.0637,0.0324,0.0099,1.15,1.125,12.0,1.493,321,8.0,50,5,1,QCW05_Holo_Suppressed
QCW-05 Suppressed,SMG / pistol,auto,896,896,,Projectile_Suppression_SMG,yes,BP_Projectile_9mm,SubmachineGuns/OCW-05/BP_QCW05_IronSights_Suppressor,5.0,0.1,0.0637,0.0324,0.0099,1.15,1.125,12.0,1.493,150,8.0,50,5,1,QCW05_Suppressed
QSZ-92,SMG / pistol,semi,652,652,,Projectile_Suppression_Pistol,no,BP_Projectile_9mm,Pistols/BP_QSZ-92,5.0,0.1,0.0637,0.0324,0.0099,1.15,1.125,12.0,1.087,381,,15,1,2,qsz92
Self-Loading Pistol Mk3,SMG / pistol,semi,652,652,,Projectile_Suppression_Pistol,no,BP_Projectile_9mm,Pistols/BP_BrowningHP_ADF,5.0,0.1,0.0637,0.0324,0.0099,1.15,1.125,12.0,1.087,335,,13,1,1,Browning_HiPower
SOR-109T,SMG / pistol,auto,952,952,,Projectile_Suppression_SMG,yes,BP_Projectile_9mm,SubmachineGuns/SAR109T/BP_SOR109T,5.0,0.1,0.0637,0.0324,0.0099,1.15,1.125,12.0,1.587,320,5.0,,5,2,T_sar109t
SOR-109T + HNA,SMG / pistol,auto,952,952,,Projectile_Suppression_SMG,yes,BP_Projectile_9mm,SubmachineGuns/SAR109T/BP_SOR109T_HNA,5.0,0.1,0.0637,0.0324,0.0099,1.15,1.125,12.0,1.587,320,5.0,,5,2,T_sar109t_hna
SOR-9,SMG / pistol,semi,652,652,,Projectile_Suppression_Pistol,no,BP_Projectile_9mm,Pistols/BP_SOR9,5.0,0.1,0.0637,0.0324,0.0099,1.15,1.125,12.0,1.087,353,,17,1,1,T_sar9
TT33 Tokarev,SMG / pistol,semi,652,652,,Projectile_Suppression_Pistol,no,BP_Projectile_9mm,Pistols/BP_TT33,5.0,0.1,0.0637,0.0324,0.0099,1.15,1.125,12.0,1.087,450,,8,1,2,tt33
"VSS ""Vintorez""",SMG / pistol,semi,652,652,,Projectile_Suppression_Pistol,no,BP_Projectile_Subsonic,Rifles/ASVAL/BP_VSS,5.0,0.1,0.0637,0.0324,0.0099,1.15,1.125,12.0,1.087,495,4.0,20,5,1,T_VSS
"VSS ""Vintorez"" + OKP-7",SMG / pistol,semi,652,652,,Projectile_Suppression_Pistol,no,BP_Projectile_Subsonic,Rifles/ASVAL/BP_VSS_OKP-7,5.0,0.1,0.0637,0.0324,0.0099,1.15,1.125,12.0,1.087,495,4.0,20,5,1,T_VSS_OKP7
"VSS ""Vintorez"" + PSO-1-1",SMG / pistol,auto,652,652,,Projectile_Suppression_Pistol,no,BP_Projectile_Subsonic,Rifles/ASVAL/BP_VSS_Optic,5.0,0.1,0.0637,0.0324,0.0099,1.15,1.125,12.0,1.087,495,4.0,20,5,1,T_VSS_Optic
Vz. 61 Škorpion,SMG / pistol,auto,857,857,,Projectile_Suppression_SMG,yes,BP_Projectile_9mm,SubmachineGuns/VZ61/BP_Vz61,5.0,0.1,0.0637,0.0324,0.0099,1.15,1.125,12.0,1.428,320,5.0,20,,3,T_vz61
Generic Shotgun,Shotgun / HMG,semi,103,103,,Projectile_SuppressionHMG,no,BP_Projectile_50cal,Shotguns/BP_GenericShotgun,flat,0.5,0.5,0.5,0.5,2.0,5.0,4.0,0.858,900,4.0,,5,1,sawnoff_m870
KS-23,Shotgun / HMG,semi,103,103,,Projectile_Suppression_20mm_AP,no,BP_Projectile_30mm_AP,Shotguns/BP_Ks23_Shotgun,flat,0.7,0.7,0.7,0.7,2.0,5.0,3.0,1.202,381,4.0,3,5,1,ks23
L128A1,Shotgun / HMG,semi,833,833,,Projectile_SuppressionHMG,no,BP_Projectile_50cal,Shotguns/BP_L128A1_Shotgun,flat,0.5,0.5,0.5,0.5,2.0,5.0,4.0,6.942,381,4.0,7,5,1,m1014
M1014 JSCS,Shotgun / HMG,semi,833,833,,Projectile_SuppressionHMG,no,BP_Projectile_50cal,Shotguns/BP_M1014_Shotgun,flat,0.5,0.5,0.5,0.5,2.0,5.0,4.0,6.942,381,4.0,7,5,1,m1014
M870,Shotgun / HMG,semi,106,106,,Projectile_SuppressionHMG,no,BP_Projectile_50cal,Shotguns/BP_M870_ADF,flat,0.5,0.5,0.5,0.5,2.0,5.0,4.0,0.883,437,4.0,7,5,1,M870
Sawn-off M870,Shotgun / HMG,semi,106,106,,Projectile_SuppressionHMG,no,BP_Projectile_50cal,Shotguns/BP_Sawnoff_M870,flat,0.5,0.5,0.5,0.5,2.0,5.0,4.0,0.883,381,4.0,4,5,1,sawnoff_m870
C14 MRSWS,Sniper rifle,bolt,26,833,2.31,Projectile_Suppression_SniperRifle,no,BP_Projectile_338,Rifles/BP_C14,5.0,3.0,1.5437,0.0875,0.0437,3.0,3.5,1.0,1.3,920,1.0,5,9,1,C14
Lee-Enfield No.4 MkI + No.32,Sniper rifle,bolt,56,833,1.08,Projectile_Suppression_SniperRifle,yes,BP_Projectile_7_62mm,Rifles/LeeEnfieldNo4/BP_LeeEnfieldNo4_Sniper,5.0,3.0,1.5437,0.0875,0.0437,3.0,3.5,1.0,2.8,744,1.0,10,9,1,T_leeenfieldno4_sniper
Mosin Nagant M1891/30 + PU-1,Sniper rifle,bolt,34,34,1.37,Projectile_Suppression_SniperRifle,yes,BP_Projectile_7_62mm,Rifles/BP_Mosin_M1891_Sniper,5.0,3.0,1.5437,0.0875,0.0437,3.0,3.5,1.0,1.7,865,2.0,5,9,1,mosin_sniper
SV-98,Sniper rifle,bolt,31,833,1.95,Projectile_Suppression_SniperRifle,yes,BP_Projectile_7_62mm,Rifles/BP_SV98,5.0,3.0,1.5437,0.0875,0.0437,3.0,3.5,1.0,1.55,820,1.0,10,9,1,T_sv98m
Timberwolf,Sniper rifle,bolt,26,833,2.31,Projectile_Suppression_SniperRifle,no,BP_Projectile_338,Rifles/BP_TW_338_SWS,5.0,3.0,1.5437,0.0875,0.0437,3.0,3.5,1.0,1.3,920,1.0,5,9,1,T_TW_338_SWS
